id,line,purchase_order,item,quantity_ordered,quantity_received,unit_cost,line_total
1,1,51,12,121,79,122.82,14861.22
2,3,275,4,103,58,108.82,11208.46
3,2,280,5,208,160,141.0,29328.0
4,1,71,7,242,161,43.72,10580.24
5,4,187,8,225,182,12.81,2882.25
6,3,270,3,127,100,18.99,2411.73
7,2,413,12,139,136,122.74,17060.86
8,3,82,13,83,54,63.12,5238.96
9,3,254,9,47,34,29.64,1393.08
10,1,312,3,47,36,19.67,924.49
11,2,246,6,226,217,68.84,15557.84
12,3,220,4,233,228,114.11,26587.63
13,1,396,14,182,121,109.3,19892.6
14,4,362,13,35,27,63.54,2223.9
15,3,406,10,37,23,104.83,3878.71
16,1,373,3,77,48,19.52,1503.04
17,3,41,13,298,256,59.82,17826.36
18,2,277,2,174,146,107.31,18671.94
19,3,104,7,73,61,40.65,2967.45
20,2,295,5,250,195,136.14,34035.0
21,3,8,7,70,57,43.46,3042.2
22,2,64,12,292,287,118.23,34523.16
23,1,68,4,265,212,115.81,30689.65
24,3,161,11,83,60,136.97,11368.51
25,3,387,2,296,282,110.64,32749.44
26,2,52,8,164,100,12.4,2033.6
27,3,393,8,212,164,12.34,2616.08
28,2,266,8,56,48,13.03,729.68
29,1,190,1,94,78,62.73,5896.62
30,2,201,10,61,36,102.35,6243.35
31,3,278,11,62,57,145.84,9042.08
32,3,401,13,140,120,62.79,8790.6
33,3,300,2,75,47,110.92,8319.0
34,4,49,1,99,70,60.1,5949.9
35,1,155,3,100,98,19.13,1913.0
36,2,213,2,211,189,109.19,23039.09
37,4,292,3,175,144,19.64,3437.0
38,1,374,12,75,56,118.64,8898.0
39,3,25,7,227,135,43.13,9790.51
40,1,306,6,129,116,68.89,8886.81
41,2,84,4,85,51,107.7,9154.5
42,2,242,8,285,200,13.13,3742.05
43,4,377,5,263,216,141.28,37156.64
44,4,209,6,208,178,71.56,14884.48
45,1,210,11,278,248,144.42,40148.76
46,3,25,4,242,185,108.52,26261.84
47,3,371,9,32,21,29.12,931.84
48,4,266,6,283,225,70.32,19900.56
49,3,281,8,55,43,12.28,675.4
50,1,398,13,221,193,63.03,13929.63
51,4,150,14,124,86,102.26,12680.24
52,4,164,5,40,35,145.79,5831.6
53,4,291,2,199,110,105.36,20966.64
54,4,117,3,163,149,18.66,3041.58
55,3,313,8,232,188,12.83,2976.56
56,3,279,13,209,127,61.3,12811.7
57,4,106,12,32,20,116.02,3712.64
58,4,313,5,157,108,141.72,22250.04
59,4,296,13,100,59,60.52,6052.0
60,2,42,7,201,114,41.4,8321.4
61,1,114,6,120,77,70.3,8436.0
62,3,140,9,189,140,28.83,5448.87
63,3,238,11,231,152,146.41,33820.71
64,2,304,14,183,142,106.37,19465.71
65,3,263,7,146,119,41.12,6003.52
66,1,231,3,144,116,19.02,2738.88
67,1,1,13,209,205,61.53,12859.77
68,4,383,13,37,34,63.51,2349.87
69,2,180,14,284,193,108.07,30691.88
70,1,210,11,158,153,143.29,22639.82
71,2,308,12,273,187,125.09,34149.57
72,3,23,2,119,105,112.93,13438.67
73,4,355,10,277,243,101.46,28104.42
74,4,411,4,293,192,115.51,33844.43
75,2,177,4,115,99,114.31,13145.65
76,3,53,6,128,86,68.38,8752.64
77,2,84,6,66,55,72.37,4776.42
78,4,56,2,172,141,113.67,19551.24
79,2,122,6,224,196,69.06,15469.44
80,3,335,13,194,152,59.11,11467.34
81,1,86,1,101,91,61.5,6211.5
82,4,175,10,140,133,105.69,14796.6
83,4,91,6,77,67,70.71,5444.67
84,4,242,3,136,126,18.59,2528.24
85,4,380,11,203,189,139.18,28253.54
86,4,366,2,64,43,112.5,7200.0
87,2,153,11,119,81,145.73,17341.87
88,3,378,2,198,151,109.86,21752.28
89,2,317,13,80,71,63.01,5040.8
90,2,320,12,283,170,123.77,35026.91
91,3,170,10,145,120,105.52,15300.4
92,2,396,10,209,201,104.98,21940.82
93,4,215,4,156,113,115.89,18078.84
94,3,201,6,287,231,71.31,20465.97
95,1,416,5,137,93,139.99,19178.63
96,3,384,12,252,160,122.18,30789.36
97,1,390,3,51,41,18.63,950.13
98,3,245,13,243,197,62.58,15206.94
99,2,143,14,203,157,104.03,21118.09
100,3,236,9,41,27,30.15,1236.15
101,3,306,6,181,100,70.01,12671.81
102,3,377,9,199,165,29.38,5846.62
103,1,6,4,203,173,110.12,22354.36
104,3,306,3,117,91,19.01,2224.17
105,3,5,12,282,267,119.01,33560.82
106,3,204,7,110,84,42.81,4709.1
107,3,355,5,298,237,139.08,41445.84
108,2,183,6,108,103,68.44,7391.52
109,2,114,5,246,185,135.45,33320.7
110,1,357,11,67,38,138.95,9309.65
111,1,109,13,114,75,61.08,6963.12
112,4,143,5,74,40,143.26,10601.24
113,3,401,7,185,145,41.95,7760.75
114,4,273,3,288,173,18.54,5339.52
115,4,54,13,84,77,61.87,5197.08
116,3,287,2,101,81,107.96,10903.96
117,1,382,7,223,127,41.19,9185.37
118,3,415,14,283,224,109.18,30897.94
119,1,223,7,217,214,42.77,9281.09
120,4,362,12,277,265,117.12,32442.24
121,2,414,2,203,181,111.23,22579.69
122,2,361,2,204,191,105.41,21503.64
123,2,377,3,64,53,18.59,1189.76
124,1,345,5,273,165,143.73,39238.29
125,2,358,5,158,92,141.27,22320.66
126,2,345,8,154,116,12.85,1978.9
127,2,49,6,173,124,70.79,12246.67
128,2,214,10,79,78,103.3,8160.7
129,3,356,10,25,21,101.71,2542.75
130,1,384,8,24,22,12.72,305.28
131,3,377,12,235,164,121.61,28578.35
132,3,4,1,150,83,61.05,9157.5
133,1,349,1,73,62,58.54,4273.42
134,1,253,8,78,66,12.98,1012.44
135,1,39,5,143,93,136.59,19532.37
136,2,405,8,260,217,12.6,3276.0
137,3,232,12,101,60,116.77,11793.77
138,4,112,6,116,82,70.75,8207.0
139,3,227,2,60,57,113.33,6799.8
140,2,77,4,288,270,114.19,32886.72
141,1,369,14,170,161,107.38,18254.6
142,2,271,12,259,242,120.65,31248.35
143,3,414,2,244,169,110.38,26932.72
144,1,29,9,211,141,29.52,6228.72
145,1,70,4,234,190,110.11,25765.74
146,2,118,8,282,250,12.79,3606.78
147,1,246,2,99,67,107.56,10648.44
148,1,166,14,119,75,106.61,12686.59
149,3,268,7,156,98,42.21,6584.76
150,2,361,3,105,100,18.68,1961.4
151,1,163,13,294,282,62.36,18333.84
152,4,334,9,31,18,29.69,920.39
153,3,271,13,250,172,60.2,15050.0
154,2,408,7,236,168,42.79,10098.44
155,2,117,6,254,170,68.3,17348.2
156,2,164,12,249,228,118.12,29411.88
157,1,189,12,71,47,123.66,8779.86
158,2,369,10,125,110,107.67,13458.75
159,1,315,13,60,33,63.32,3799.2
160,3,284,9,286,273,30.17,8628.62
161,4,392,3,229,170,18.49,4234.21
162,3,102,7,38,37,40.95,1556.1
163,3,181,9,162,151,29.4,4762.8
164,2,40,13,299,200,60.19,17996.81
165,2,275,8,251,176,12.8,3212.8
166,3,212,1,99,61,60.45,5984.55
167,3,151,13,116,77,59.89,6947.24
168,4,342,12,133,109,121.45,16152.85
169,2,184,9,298,278,30.76,9166.48
170,4,13,10,129,93,107.52,13870.08
171,3,393,5,254,169,144.76,36769.04
172,4,139,3,282,156,18.89,5326.98
173,2,94,13,280,212,59.31,16606.8
174,2,37,8,40,24,12.77,510.8
175,2,188,3,228,214,18.61,4243.08
176,2,312,4,96,78,113.7,10915.2
177,4,155,13,181,179,59.38,10747.78
178,2,188,12,50,31,122.56,6128.0
179,4,187,11,124,93,144.73,17946.52
180,3,299,1,256,254,62.19,15920.64
181,4,62,10,238,186,102.26,24337.88
182,2,83,4,166,98,113.61,18859.26
183,1,108,13,60,38,61.9,3714.0
184,2,316,10,289,234,109.46,31633.94
185,4,350,7,29,18,41.31,1197.99
186,1,2,1,226,179,61.65,13932.9
187,4,21,13,264,181,61.39,16206.96
188,1,224,13,22,21,59.48,1308.56
189,1,21,5,20,13,145.62,2912.4
190,1,89,3,253,235,18.62,4710.86
191,4,397,4,224,125,110.76,24810.24
192,3,65,11,57,53,139.34,7942.38
193,2,255,7,285,190,40.83,11636.55
194,3,243,2,140,116,106.45,14903.0
195,4,278,11,140,118,138.52,19392.8
196,2,402,11,250,237,143.86,35965.0
197,4,179,3,298,188,19.06,5679.88
198,1,327,14,95,88,108.4,10298.0
199,2,310,14,23,19,107.04,2461.92
200,2,219,7,29,18,42.22,1224.38
201,1,180,8,71,68,12.41,881.11
202,2,403,12,282,255,117.93,33256.26
203,2,236,2,36,21,110.04,3961.44
204,2,58,9,193,172,30.0,5790.0
205,4,125,11,287,189,136.15,39075.05
206,1,151,10,109,101,108.11,11783.99
207,2,237,6,153,128,69.74,10670.22
208,2,215,6,130,106,71.75,9327.5
209,2,296,14,86,65,104.24,8964.64
210,1,141,14,207,182,107.59,22271.13
211,1,343,2,240,174,108.24,25977.6
212,3,10,12,91,60,123.98,11282.18
213,4,308,13,160,103,62.89,10062.4
214,1,43,8,190,182,12.74,2420.6
215,1,105,9,143,127,30.31,4334.33
216,1,30,10,54,39,103.1,5567.4
217,2,251,5,69,65,144.3,9956.7
218,2,128,5,53,41,141.3,7488.9
219,2,133,3,133,95,19.88,2644.04
220,2,344,12,89,65,117.63,10469.07
221,2,195,2,80,67,106.07,8485.6
222,2,238,9,209,142,28.8,6019.2
223,1,183,7,160,98,43.26,6921.6
224,4,55,1,133,90,61.63,8196.79
225,3,402,8,179,131,12.39,2217.81
226,1,75,14,218,184,103.78,22624.04
227,3,269,4,218,144,113.59,24762.62
228,1,321,7,239,233,42.49,10155.11
229,3,69,2,27,24,105.84,2857.68
230,4,412,8,59,47,12.91,761.69
231,2,23,14,198,168,102.96,20386.08
232,2,206,14,46,41,107.26,4933.96
233,1,365,5,283,178,135.84,38442.72
234,1,43,2,239,135,106.44,25439.16
235,2,50,10,253,139,101.51,25682.03
236,3,300,9,229,172,30.86,7066.94
237,1,60,6,37,22,70.14,2595.18
238,2,186,7,69,55,42.73,2948.37
239,2,264,2,165,152,108.18,17849.7
240,1,354,2,241,147,111.6,26895.6
241,2,276,1,225,125,60.28,13563.0
242,2,323,10,271,201,105.81,28674.51
243,1,246,13,97,57,59.56,5777.32
244,2,417,11,272,231,137.82,37487.04
245,1,384,2,106,102,109.34,11590.04
246,1,84,4,94,71,114.5,10763.0
247,2,184,3,143,139,19.19,2744.17
248,4,16,1,246,214,61.13,15037.98
249,2,121,8,135,76,12.97,1750.95
250,2,4,2,155,114,112.44,17428.2
251,2,184,5,253,240,136.15,34445.95
252,4,99,13,256,200,61.81,15823.36
253,3,114,12,27,19,116.04,3133.08
254,1,81,1,215,166,62.52,13441.8
255,3,323,5,199,153,137.2,27302.8
256,1,57,12,247,242,118.99,29390.53
257,4,417,5,284,258,140.6,39930.4
258,3,362,8,288,192,12.91,3718.08
259,1,53,10,269,244,105.71,28435.99
260,3,95,9,276,170,29.55,8155.8
261,1,234,12,102,64,124.11,12659.22
262,1,240,9,88,74,29.94,2634.72
263,2,335,5,62,58,143.29,8883.98
264,4,369,4,150,89,108.07,16210.5
265,1,370,6,268,202,68.24,18288.32
266,2,228,7,57,42,42.98,2449.86
267,3,269,14,204,171,103.48,21109.92
268,2,386,5,299,276,143.33,42855.67
269,4,359,4,199,147,113.98,22682.02
270,4,393,12,214,211,121.11,25917.54
271,4,24,9,223,132,28.7,6400.1
272,1,371,6,179,162,68.5,12261.5
273,1,195,12,224,142,122.01,27330.24
274,3,160,14,75,55,105.58,7918.5
275,2,395,9,224,193,29.04,6504.96
276,2,64,3,161,94,19.11,3076.71
277,2,348,2,117,66,111.09,12997.53
278,1,150,11,24,14,137.92,3310.08
279,2,399,12,248,209,124.88,30970.24
280,2,320,13,98,54,63.07,6180.86
281,3,88,14,91,74,110.08,10017.28
282,3,53,8,20,11,13.21,264.2
283,4,330,4,193,160,112.88,21785.84
284,2,234,1,242,139,58.66,14195.72
285,3,58,6,283,176,68.73,19450.59
286,3,255,11,284,185,138.84,39430.56
287,4,103,3,228,149,18.86,4300.08
288,4,324,2,126,71,111.26,14018.76
289,4,216,11,273,185,135.96,37117.08
290,2,314,2,207,135,112.04,23192.28
291,3,217,14,37,31,102.14,3779.18
292,4,185,10,218,171,109.18,23801.24
293,4,85,14,91,58,105.48,9598.68
294,4,272,5,215,193,142.23,30579.45
295,3,165,1,112,65,59.14,6623.68
296,2,256,9,283,194,29.99,8487.17
297,2,375,12,75,70,123.38,9253.5
298,2,155,5,199,179,140.1,27879.9
299,4,89,9,164,117,29.57,4849.48
300,4,260,10,274,227,107.56,29471.44
301,2,41,11,176,122,144.04,25351.04
302,1,135,6,44,27,72.64,3196.16
303,3,58,1,266,188,61.74,16422.84
304,1,332,8,149,85,12.93,1926.57
305,2,152,13,247,224,59.22,14627.34
306,3,380,9,255,254,28.86,7359.3
307,1,88,13,224,135,62.32,13959.68
308,3,93,6,72,47,69.02,4969.44
309,1,233,1,155,149,61.54,9538.7
310,2,81,1,52,40,58.17,3024.84
311,2,52,14,264,174,105.96,27973.44
312,4,213,8,243,153,12.93,3141.99
313,1,410,12,91,77,123.92,11276.72
314,2,332,2,82,81,110.77,9083.14
315,3,45,2,271,192,107.59,29156.89
316,4,315,5,101,85,139.85,14124.85
317,1,389,13,295,221,63.36,18691.2
318,4,44,8,57,42,12.29,700.53
319,2,326,8,186,138,13.21,2457.06
320,4,176,11,222,164,138.69,30789.18
321,3,357,10,219,140,102.85,22524.15
322,2,107,13,140,123,59.42,8318.8
323,4,404,13,204,135,60.59,12360.36
324,3,309,2,280,271,105.48,29534.4
325,4,396,8,131,111,12.37,1620.47
326,4,24,14,87,51,109.56,9531.72
327,2,283,14,298,225,105.35,31394.3
328,3,275,12,118,70,124.43,14682.74
329,1,195,3,58,49,19.78,1147.24
330,4,61,2,67,41,109.01,7303.67
331,4,365,6,276,164,70.03,19328.28
332,4,211,1,249,189,59.99,14937.51
333,3,28,5,73,63,143.35,10464.55
334,1,386,8,212,171,13.02,2760.24
335,1,333,10,135,90,109.18,14739.3
336,4,409,4,219,128,112.41,24617.79
337,3,237,13,46,30,62.18,2860.28
338,4,347,5,164,109,145.01,23781.64
339,1,279,2,147,140,112.36,16516.92
340,4,172,6,123,73,68.76,8457.48
341,3,393,3,240,183,19.73,4735.2
342,3,96,6,159,124,69.83,11102.97
343,3,83,9,22,16,30.82,678.04
344,2,264,12,223,123,120.57,26887.11
345,1,131,1,92,52,62.49,5749.08
346,4,352,1,57,48,61.38,3498.66
347,2,37,3,171,131,18.96,3242.16
348,1,164,2,38,34,106.69,4054.22
349,1,214,9,143,86,30.18,4315.74
350,1,179,1,122,85,60.57,7389.54
351,2,2,5,242,165,139.84,33841.28
352,4,11,3,117,79,18.56,2171.52
353,4,27,14,244,235,105.47,25734.68
354,3,218,3,120,109,18.72,2246.4
355,4,99,2,206,128,109.68,22594.08
356,1,138,11,115,91,137.79,15845.85
357,4,419,11,44,40,145.29,6392.76
358,4,418,9,120,102,28.89,3466.8
359,3,116,10,280,185,103.96,29108.8
360,3,48,3,81,71,18.92,1532.52
361,1,167,11,234,193,145.08,33948.72
362,3,54,13,70,50,62.87,4400.9
363,4,321,13,233,194,59.76,13924.08
364,2,30,3,232,222,19.08,4426.56
365,1,130,4,62,50,108.99,6757.38
366,4,241,3,171,155,19.82,3389.22
367,2,47,13,74,58,59.8,4425.2
368,3,9,10,292,246,106.03,30960.76
369,2,94,7,278,192,41.52,11542.56
370,3,411,6,179,125,71.93,12875.47
371,2,294,4,47,44,112.38,5281.86
372,1,228,4,73,47,114.1,8329.3
373,3,119,5,96,88,140.43,13481.28
374,1,22,7,289,230,43.8,12658.2
375,1,103,3,65,53,19.67,1278.55
376,1,48,13,232,158,62.28,14448.96
377,3,113,12,28,26,118.88,3328.64
378,2,230,9,287,261,30.7,8810.9
379,2,196,2,153,150,108.41,16586.73
380,4,223,9,272,182,30.04,8170.88
381,3,289,2,236,188,106.65,25169.4
382,3,339,7,234,229,43.79,10246.86
383,3,162,14,99,86,108.41,10732.59
384,1,123,13,244,176,60.19,14686.36
385,4,202,7,296,175,42.59,12606.64
386,3,65,14,56,55,104.69,5862.64
387,3,13,9,53,37,28.84,1528.52
388,3,325,9,103,70,29.44,3032.32
389,2,278,11,58,57,139.43,8086.94
390,2,62,14,34,33,103.62,3523.08
391,4,38,13,235,166,60.89,14309.15
392,3,34,14,224,164,103.33,23145.92
393,4,360,14,154,137,107.07,16488.78
394,3,325,11,36,23,137.49,4949.64
395,1,42,1,236,155,62.05,14643.8
396,2,107,8,95,64,12.56,1193.2
397,3,90,3,237,174,19.72,4673.64
398,3,385,13,72,63,59.12,4256.64
399,4,319,14,213,119,106.66,22718.58
400,3,252,2,97,57,107.5,10427.5
401,4,122,8,288,280,12.6,3628.8
402,4,90,9,203,174,29.55,5998.65
403,2,156,13,294,282,60.44,17769.36
404,3,67,13,208,201,60.78,12642.24
405,3,408,1,204,162,62.1,12668.4
406,2,67,4,269,257,109.62,29487.78
407,1,379,11,29,27,144.63,4194.27
408,4,263,2,86,51,107.85,9275.1
409,4,100,3,141,131,19.32,2724.12
410,1,144,13,275,152,61.42,16890.5
411,4,418,14,226,206,107.12,24209.12
412,1,178,6,145,111,71.55,10374.75
413,2,239,10,115,103,102.19,11751.85
414,2,36,7,122,119,42.89,5232.58
415,1,344,13,120,84,59.1,7092.0
416,2,144,4,163,115,108.03,17608.89
417,3,165,13,146,102,62.54,9130.84
418,4,9,6,26,17,69.37,1803.62
419,4,298,8,127,105,12.28,1559.56
420,2,12,14,297,225,108.17,32126.49
421,1,113,1,59,50,59.99,3539.41
422,3,400,12,63,62,123.37,7772.31
423,3,68,8,207,203,13.06,2703.42
424,3,396,5,105,74,137.81,14470.05
425,1,226,14,58,55,107.63,6242.54
426,1,328,3,69,65,19.25,1328.25
427,4,82,9,197,171,28.62,5638.14
428,2,145,13,224,176,61.61,13800.64
429,4,265,11,291,251,144.53,42058.23
430,3,31,1,68,58,60.98,4146.64
431,3,229,10,151,145,107.37,16212.87
432,1,91,9,284,192,30.68,8713.12
433,4,213,9,129,97,30.64,3952.56
434,4,198,2,198,115,111.08,21993.84
435,4,323,1,70,42,62.25,4357.5
436,4,407,3,244,212,19.34,4718.96
437,3,220,3,31,24,19.2,595.2
438,3,154,14,158,99,102.39,16177.62
439,2,229,3,161,153,19.91,3205.51
440,1,263,14,211,150,109.45,23093.95
441,2,264,10,299,283,103.52,30952.48
442,3,309,9,49,42,28.71,1406.79
443,1,209,6,152,135,68.55,10419.6
444,2,266,13,41,37,61.67,2528.47
445,2,238,13,136,129,62.61,8514.96
446,3,318,6,283,215,69.35,19626.05
447,1,242,10,44,38,102.82,4524.08
448,4,206,9,75,68,29.87,2240.25
449,1,307,12,31,28,121.79,3775.49
450,4,294,12,183,129,116.36,21293.88
451,3,418,3,80,61,19.51,1560.8
452,3,136,8,169,102,13.1,2213.9
453,4,412,7,237,219,42.87,10160.19
454,3,185,8,204,146,12.37,2523.48
455,3,39,1,164,122,59.37,9736.68
456,2,5,8,242,237,12.78,3092.76
457,1,14,5,76,45,141.42,10747.92
458,1,32,11,27,23,144.73,3907.71
459,1,157,5,244,215,140.84,34364.96
460,1,297,8,103,72,13.07,1346.21
461,4,373,13,215,120,63.27,13603.05
462,1,356,9,87,82,29.99,2609.13
463,1,395,3,275,253,18.65,5128.75
464,1,315,3,181,139,19.18,3471.58
465,2,399,1,177,163,61.05,10805.85
466,1,78,5,142,106,145.16,20612.72
467,4,239,13,132,86,59.51,7855.32
468,4,375,8,133,84,12.78,1699.74
469,3,29,14,189,136,108.22,20453.58
470,1,361,2,226,127,109.37,24717.62
471,4,171,10,222,203,103.07,22881.54
472,4,401,13,205,137,61.34,12574.7
473,4,373,12,274,160,119.04,32616.96
474,4,292,1,279,185,62.72,17498.88
475,1,373,3,132,112,18.69,2467.08
476,1,354,4,51,38,112.98,5761.98
477,4,420,1,38,25,59.05,2243.9
478,1,239,13,170,112,62.57,10636.9
479,4,314,9,244,211,30.11,7346.84
480,3,44,6,113,84,68.18,7704.34
481,3,289,4,298,243,114.41,34094.18
482,4,417,14,185,143,104.34,19302.9
483,1,313,6,122,114,71.33,8702.26
484,3,259,2,129,76,109.98,14187.42
485,1,36,6,119,75,73.07,8695.33
486,4,4,8,164,120,12.52,2053.28
487,3,359,8,139,102,13.1,1820.9
488,4,12,8,230,162,12.35,2840.5
489,1,189,11,298,164,141.23,42086.54
490,4,157,4,223,218,109.23,24358.29
491,1,151,1,276,166,61.45,16960.2
492,3,385,11,179,130,140.52,25153.08
493,1,267,9,89,65,30.44,2709.16
494,4,108,13,295,215,63.57,18753.15
495,3,322,12,79,53,124.59,9842.61
496,4,40,4,152,130,113.75,17290.0
497,1,194,7,152,139,42.27,6425.04
498,4,211,6,67,61,70.87,4748.29
499,4,298,13,141,138,59.99,8458.59
500,4,274,3,171,121,19.18,3279.78
501,3,21,5,150,127,140.15,21022.5
502,2,296,2,215,131,111.6,23994.0
503,2,282,7,278,214,43.85,12190.3
504,2,177,7,33,27,42.05,1387.65
505,4,79,2,23,21,106.8,2456.4
506,2,65,2,176,133,112.39,19780.64
507,4,250,5,222,127,145.67,32338.74
508,3,90,6,56,49,71.63,4011.28
509,4,406,1,146,111,58.94,8605.24
510,4,3,10,256,146,109.53,28039.68
511,1,167,5,27,22,142.95,3859.65
512,4,289,14,241,171,105.69,25471.29
513,3,127,3,158,95,18.5,2923.0
514,4,225,12,291,285,116.23,33822.93
515,2,256,7,159,129,42.4,6741.6
516,2,371,9,223,147,29.13,6495.99
517,1,45,14,288,266,103.35,29764.8
518,2,354,11,165,115,136.26,22482.9
519,1,158,5,28,22,140.65,3938.2
520,1,42,14,26,23,106.09,2758.34
521,2,110,6,148,102,70.64,10454.72
522,4,191,1,250,186,62.57,15642.5
523,2,1,5,88,84,141.14,12420.32
524,3,118,6,87,67,71.41,6212.67
525,3,239,10,60,50,102.86,6171.6
526,1,97,13,211,117,59.69,12594.59
527,1,262,3,73,50,19.62,1432.26
528,3,19,7,52,32,42.33,2201.16
529,4,348,11,128,78,139.41,17844.48
530,3,57,4,103,101,111.54,11488.62
531,2,81,13,128,122,60.16,7700.48
532,4,268,7,292,192,43.45,12687.4
533,4,245,11,191,157,138.76,26503.16
534,2,118,1,165,145,61.36,10124.4
535,1,379,13,53,44,61.23,3245.19
536,2,247,1,141,135,62.06,8750.46
537,1,327,7,157,138,43.59,6843.63
538,4,317,6,78,75,71.8,5600.4
539,2,374,4,289,245,113.13,32694.57
540,4,247,6,296,180,72.76,21536.96
541,4,159,5,96,58,136.23,13078.08
542,2,233,2,263,235,108.31,28485.53
543,4,92,11,142,112,146.47,20798.74
544,3,388,11,278,157,140.66,39103.48
545,1,399,9,176,104,29.84,5251.84
546,1,3,14,113,66,102.62,11596.06
547,4,204,9,145,109,28.82,4178.9
548,3,39,10,252,226,103.07,25973.64
549,1,80,2,29,18,106.75,3095.75
550,4,299,6,64,48,71.33,4565.12
551,1,235,9,254,163,29.09,7388.86
552,2,103,9,115,88,30.24,3477.6
553,1,63,11,224,133,145.51,32594.24
554,2,119,7,78,53,41.07,3203.46
555,3,283,5,262,219,139.64,36585.68
556,1,325,1,264,251,61.41,16212.24
557,2,61,12,79,50,125.26,9895.54
558,3,404,14,102,71,103.48,10554.96
559,1,351,10,154,131,104.7,16123.8
560,3,142,5,192,110,146.0,28032.0
561,4,93,14,272,192,108.23,29438.56
562,1,148,2,132,111,106.83,14101.56
563,2,115,12,200,199,122.16,24432.0
564,4,181,13,170,96,63.02,10713.4
565,2,140,9,41,27,29.17,1195.97
566,4,25,9,157,145,28.97,4548.29
567,4,106,11,89,81,140.36,12492.04
568,1,72,2,248,137,111.65,27689.2
569,2,33,7,99,74,42.13,4170.87
570,3,126,8,74,63,13.13,971.62
571,2,174,1,30,29,59.93,1797.9
572,2,368,4,185,111,108.82,20131.7
573,1,238,5,90,88,145.51,13095.9
574,2,10,4,84,76,114.84,9646.56
575,3,202,10,92,67,101.89,9373.88
576,4,279,10,95,89,108.7,10326.5
577,4,228,12,140,129,116.71,16339.4
578,1,283,11,94,58,143.67,13504.98
579,1,35,5,133,120,142.93,19009.69
580,1,192,7,200,171,41.91,8382.0
581,3,303,11,113,66,140.55,15882.15
582,2,226,12,235,136,120.08,28218.8
583,1,172,11,276,173,140.04,38651.04
584,2,103,7,140,105,41.89,5864.6
585,3,54,10,257,209,106.78,27442.46
586,4,125,3,61,44,19.87,1212.07
587,3,311,7,286,169,43.73,12506.78
588,2,251,9,120,117,30.67,3680.4
589,4,301,1,183,154,61.61,11274.63
590,1,301,11,234,129,136.02,31828.68
591,4,243,6,251,204,68.66,17233.66
592,1,78,3,94,88,19.39,1822.66
593,4,133,12,125,90,124.13,15516.25
594,3,294,5,158,137,137.34,21699.72
595,4,14,3,39,33,18.92,737.88
596,2,353,1,175,158,59.92,10486.0
597,2,16,8,185,107,12.37,2288.45
598,2,60,9,234,164,28.81,6741.54
599,4,76,7,277,223,42.06,11650.62
600,4,288,13,97,93,60.54,5872.38
601,1,93,10,298,226,106.64,31778.72
602,3,290,1,170,109,59.11,10048.7
603,2,338,6,20,13,72.64,1452.8
604,3,329,14,265,170,109.8,29097.0
605,1,319,3,227,145,18.91,4292.57
606,2,56,7,98,67,41.58,4074.84
607,2,326,11,42,30,135.79,5703.18
608,4,192,14,81,47,104.32,8449.92
609,2,63,13,164,146,60.2,9872.8
610,1,156,7,158,136,42.61,6732.38
611,3,61,9,171,165,28.85,4933.35
612,4,413,6,185,138,72.51,13414.35
613,1,87,7,98,93,41.59,4075.82
614,1,378,2,288,161,111.14,32008.32
615,1,75,3,80,46,19.63,1570.4
616,3,216,2,190,129,110.2,20938.0
617,2,69,5,92,65,143.62,13213.04
618,1,56,14,292,290,105.01,30662.92
619,2,72,5,244,147,141.36,34491.84
620,3,96,13,70,47,61.07,4274.9
621,2,248,1,99,56,62.06,6143.94
622,3,38,2,84,76,107.1,8996.4
623,1,179,11,63,48,143.72,9054.36
624,2,210,13,268,241,61.94,16599.92
625,1,135,2,191,190,112.31,21451.21
626,3,257,5,137,134,142.77,19559.49
627,1,73,4,255,169,116.07,29597.85
628,4,362,12,265,245,125.02,33130.3
629,2,191,10,296,169,102.03,30200.88
630,3,249,12,119,84,121.32,14437.08
631,3,225,11,241,140,139.41,33597.81
632,4,413,4,265,191,111.56,29563.4
633,1,222,13,292,284,62.95,18381.4
634,2,265,5,214,173,142.15,30420.1
635,4,293,4,130,105,110.78,14401.4
636,2,40,5,254,210,145.94,37068.76
637,1,29,10,176,140,104.07,18316.32
638,2,197,13,280,180,63.25,17710.0
639,4,173,12,268,166,117.64,31527.52
640,4,111,2,168,151,109.05,18320.4
641,2,349,2,66,39,112.0,7392.0
642,1,399,5,196,166,140.09,27457.64
643,3,254,13,228,127,62.17,14174.76
644,1,138,3,67,43,18.82,1260.94
645,2,341,14,162,115,107.08,17346.96
646,3,111,9,75,63,30.06,2254.5
647,4,47,14,132,72,108.2,14282.4
648,2,106,6,87,52,68.91,5995.17
649,1,81,11,86,52,142.14,12224.04
650,1,49,5,272,153,143.8,39113.6
651,2,221,12,186,182,118.13,21972.18
652,4,325,5,84,73,144.88,12169.92
653,2,37,6,279,214,71.85,20046.15
654,1,95,9,290,251,29.75,8627.5
655,2,301,5,132,90,143.17,18898.44
656,1,76,2,89,56,110.95,9874.55
657,1,203,12,278,248,118.84,33037.52
658,1,217,14,218,194,102.24,22288.32
659,3,60,9,254,218,28.81,7317.74
660,1,9,5,174,135,135.7,23611.8
661,4,205,4,32,29,111.16,3557.12
662,4,222,12,252,207,122.38,30839.76
663,3,77,7,147,110,43.39,6378.33
664,1,272,9,31,28,28.8,892.8
665,1,130,2,216,182,111.74,24135.84
666,1,383,6,295,163,70.94,20927.3
667,2,312,13,112,105,61.76,6917.12
668,2,324,5,63,45,138.47,8723.61
669,1,175,5,113,64,142.94,16152.22
670,2,38,14,238,202,105.93,25211.34
671,2,176,13,90,68,61.83,5564.7
672,1,303,8,259,213,12.86,3330.74
673,1,369,4,176,109,110.67,19477.92
674,1,178,7,242,134,43.12,10435.04
675,3,17,14,240,144,102.67,24640.8
676,1,124,4,70,42,111.71,7819.7
677,2,27,8,114,89,13.17,1501.38
678,1,338,13,286,249,63.77,18238.22
679,4,172,2,233,195,113.51,26447.83
680,3,260,4,49,28,115.02,5635.98
681,3,139,10,278,265,102.58,28517.24
682,2,285,8,132,77,12.57,1659.24
683,1,272,8,131,97,12.5,1637.5
684,3,286,14,198,127,109.83,21746.34
685,1,294,2,124,119,111.71,13852.04
686,2,200,12,90,60,116.67,10500.3
687,4,157,2,217,192,108.05,23446.85
688,3,112,11,154,118,142.49,21943.46
689,2,120,12,91,67,123.23,11213.93
690,1,194,12,130,101,119.71,15562.3
691,4,66,5,108,74,141.38,15269.04
692,3,262,4,198,121,110.7,21918.6
693,2,44,5,266,211,141.48,37633.68
694,4,186,12,170,164,118.26,20104.2
695,4,18,11,24,19,141.92,3406.08
696,4,105,1,80,63,61.8,4944.0
697,4,367,1,108,103,60.17,6498.36
698,2,318,6,212,186,70.55,14956.6
699,3,120,14,88,70,103.44,9102.72
700,1,162,12,121,66,120.82,14619.22
701,1,205,3,184,180,19.78,3639.52
702,4,305,7,70,44,41.52,2906.4
703,1,194,6,37,23,73.15,2706.55
704,2,79,4,199,157,110.86,22061.14
705,1,109,9,22,16,29.6,651.2
706,2,375,3,143,109,18.48,2642.64
707,3,154,8,286,206,13.15,3760.9
708,4,158,13,243,199,60.27,14645.61
709,3,214,6,236,163,68.13,16078.68
710,4,197,1,277,206,60.52,16764.04
711,1,229,2,68,61,106.97,7273.96
712,2,274,3,34,25,18.82,639.88
713,1,370,9,247,153,29.25,7224.75
714,1,302,7,141,124,41.09,5793.69
715,1,22,13,93,64,59.86,5566.98
716,2,394,9,163,92,28.68,4674.84
717,3,307,6,213,121,68.68,14628.84
718,3,115,5,297,233,136.63,40579.11
719,1,59,11,91,76,140.71,12804.61
720,1,169,11,62,50,138.51,8587.62
721,2,88,12,220,131,119.17,26217.4
722,2,286,11,149,112,141.38,21065.62
723,2,272,7,210,175,43.63,9162.3
724,4,338,1,226,126,62.35,14091.1
725,4,177,7,36,33,40.65,1463.4
726,2,267,13,128,78,61.43,7863.04
727,1,233,1,83,67,59.52,4940.16
728,1,330,2,116,92,106.04,12300.64
729,1,329,1,258,170,59.49,15348.42
730,4,127,9,60,58,30.46,1827.6
731,4,220,10,29,21,105.36,3055.44
732,3,347,5,195,120,140.82,27459.9
733,4,270,3,92,51,18.66,1716.72
734,4,152,9,47,45,28.73,1350.31
735,2,11,13,164,158,62.52,10253.28
736,2,291,7,147,100,41.05,6034.35
737,3,62,7,150,146,41.49,6223.5
738,3,414,9,135,134,29.19,3940.65
739,2,66,7,251,235,42.85,10755.35
740,1,358,7,232,181,43.27,10038.64
741,2,353,5,205,142,143.76,29470.8
742,3,177,5,179,118,138.28,24752.12
743,3,157,3,218,188,18.84,4107.12
744,1,189,4,103,81,115.9,11937.7
745,4,215,1,118,101,62.68,7396.24
746,2,74,5,118,73,135.89,16035.02
747,3,305,1,213,173,58.68,12498.84
748,1,283,7,92,56,43.1,3965.2
749,1,316,13,212,153,61.26,12987.12
750,4,117,9,299,233,30.7,9179.3
751,2,61,3,96,92,19.38,1860.48
752,2,136,1,292,228,60.56,17683.52
753,4,132,6,60,57,70.37,4222.2
754,1,197,10,215,182,108.5,23327.5
755,2,132,11,79,58,142.59,11264.61
756,4,131,6,51,40,70.5,3595.5
757,3,55,9,103,70,30.31,3121.93
758,4,243,7,274,244,43.74,11984.76
759,3,167,3,148,101,19.94,2951.12
760,3,218,14,167,96,106.08,17715.36
761,1,412,8,268,222,12.62,3382.16
762,2,350,9,281,279,29.82,8379.42
763,2,112,8,44,30,12.97,570.68
764,2,370,2,183,114,106.84,19551.72
765,4,171,4,166,132,109.68,18206.88
766,4,221,1,299,245,62.48,18681.52
767,4,182,2,174,144,105.66,18384.84
768,1,335,13,59,44,62.64,3695.76
769,4,98,2,248,176,110.78,27473.44
770,2,7,13,127,77,62.59,7948.93
771,4,267,2,47,45,113.09,5315.23
772,4,2,2,232,193,108.36,25139.52
773,4,318,12,66,60,124.72,8231.52
774,2,364,12,279,254,118.67,33108.93
775,1,266,6,56,53,71.76,4018.56
776,2,374,4,237,157,115.88,27463.56
777,1,269,10,273,197,104.33,28482.09
778,1,143,14,204,169,106.51,21728.04
779,2,342,4,167,94,109.88,18349.96
780,1,169,13,296,248,59.13,17502.48
781,2,343,11,172,169,140.2,24114.4
782,3,312,3,293,267,19.16,5613.88
783,2,244,11,103,93,138.53,14268.59
784,1,278,9,148,113,30.1,4454.8
785,4,314,7,144,92,42.72,6151.68
786,2,400,13,92,88,63.62,5853.04
787,1,73,12,198,167,120.16,23791.68
788,3,171,14,258,181,104.92,27069.36
789,2,213,4,231,227,115.44,26666.64
790,3,244,14,291,264,103.86,30223.26
791,2,366,12,37,34,119.17,4409.29
792,3,287,7,147,124,43.38,6376.86
793,1,68,8,59,55,12.99,766.41
794,2,240,12,248,159,125.19,31047.12
795,3,185,10,118,78,107.13,12641.34
796,1,78,5,255,145,145.94,37214.7
797,2,416,9,67,47,29.16,1953.72
798,3,17,10,39,25,103.76,4046.64
799,3,35,9,79,69,29.46,2327.34
800,4,295,8,290,279,13.05,3784.5
801,2,99,12,289,177,117.82,34049.98
802,3,34,2,56,32,106.49,5963.44
803,2,226,6,33,24,68.02,2244.66
804,1,268,3,41,36,19.77,810.57
805,2,285,10,143,90,101.58,14525.94
806,2,118,1,190,162,59.39,11284.1
807,1,386,13,200,147,59.9,11980.0
808,2,277,8,175,168,13.09,2290.75
809,3,387,14,149,82,102.12,15215.88
810,4,30,13,94,87,60.55,5691.7
811,1,166,1,155,129,58.54,9073.7
812,1,161,1,247,231,60.16,14859.52
813,1,16,1,68,62,61.79,4201.72
814,2,15,10,271,174,106.4,28834.4
815,4,357,1,129,123,58.31,7521.99
816,3,346,6,187,176,68.19,12751.53
817,4,119,7,78,48,40.85,3186.3
818,3,314,6,124,112,72.33,8968.92
819,1,309,14,296,197,109.31,32355.76
820,3,331,6,153,146,71.42,10927.26
821,2,304,10,279,267,104.61,29186.19
822,3,230,9,57,44,30.14,1717.98
823,3,26,2,261,166,111.07,28989.27
824,2,193,5,75,54,135.72,10179.0
825,2,63,12,264,147,116.84,30845.76
826,4,415,10,143,94,104.77,14982.11
827,1,23,9,155,96,29.21,4527.55
828,4,316,1,246,240,58.65,14427.9
829,4,164,8,68,59,12.41,843.88
830,1,376,10,68,39,107.81,7331.08
831,2,49,1,194,156,60.09,11657.46
832,3,397,7,87,69,42.67,3712.29
833,1,356,6,121,104,68.38,8273.98
834,3,95,12,276,181,116.1,32043.6
835,2,15,14,155,102,109.58,16984.9
836,1,394,5,78,68,143.07,11159.46
837,2,397,9,181,116,29.91,5413.71
838,1,287,1,215,169,60.33,12970.95
839,1,37,6,126,95,68.01,8569.26
840,1,199,8,250,145,12.41,3102.5
841,4,95,13,31,20,60.54,1876.74
842,1,347,8,79,71,13.04,1030.16
843,4,29,2,233,198,106.28,24763.24
844,3,1,13,230,228,62.76,14434.8
845,2,225,1,119,101,62.35,7419.65
846,3,204,1,121,94,60.07,7268.47
847,1,235,11,153,143,145.97,22333.41
848,1,137,2,216,208,105.67,22824.72
849,3,129,14,235,216,108.95,25603.25
850,4,170,12,268,161,123.11,32993.48
851,3,147,9,173,167,30.59,5292.07
852,4,19,12,28,16,118.4,3315.2
853,4,142,13,155,100,59.42,9210.1
854,2,372,8,241,189,12.81,3087.21
855,2,209,11,249,218,145.4,36204.6
856,3,104,2,177,130,110.96,19639.92
857,4,25,14,217,132,102.38,22216.46
858,4,410,5,200,126,141.49,28298.0
859,1,86,10,38,30,109.03,4143.14
860,4,144,11,103,59,137.64,14176.92
861,3,11,7,244,196,40.95,9991.8
862,2,32,1,84,52,58.53,4916.52
863,1,132,10,91,74,103.98,9462.18
864,2,241,6,263,262,72.32,19020.16
865,2,115,5,116,90,136.83,15872.28
866,4,202,9,278,196,29.77,8276.06
867,2,276,2,275,230,105.86,29111.5
868,1,419,6,234,201,73.3,17152.2
869,3,274,6,163,134,69.36,11305.68
870,1,339,11,205,118,143.68,29454.4
871,2,366,4,224,176,114.67,25686.08
872,2,31,6,234,202,71.51,16733.34
873,1,69,3,50,34,18.7,935.0
874,4,218,2,118,83,105.73,12476.14
875,2,134,4,271,201,110.24,29875.04
876,2,391,11,48,28,137.63,6606.24
877,4,50,6,93,65,68.95,6412.35
878,3,376,10,48,28,104.83,5031.84
879,3,298,11,139,113,140.35,19508.65
880,2,87,11,289,166,143.39,41439.71
881,4,301,4,160,139,108.96,17433.6
882,1,54,13,132,88,62.85,8296.2
883,3,47,12,214,195,118.5,25359.0
884,3,160,14,74,65,103.28,7642.72
885,2,92,4,71,53,113.71,8073.41
886,2,264,13,218,178,61.72,13454.96
887,1,116,12,74,63,121.31,8976.94
888,2,259,11,241,187,139.45,33607.45
889,4,288,2,298,284,107.75,32109.5
890,2,378,3,267,203,18.67,4984.89
891,4,382,10,234,221,108.87,25475.58
892,3,262,4,249,155,115.89,28856.61
893,3,163,9,27,25,29.59,798.93
894,2,348,7,137,136,42.88,5874.56
895,4,409,14,293,215,109.8,32171.4
896,1,125,13,150,102,60.17,9025.5
897,4,417,8,230,138,12.26,2819.8
898,4,293,13,187,128,62.44,11676.28
899,1,165,10,24,14,102.1,2450.4
900,2,352,9,149,105,29.8,4440.2
901,3,270,6,63,53,70.46,4438.98
902,4,350,2,267,207,111.56,29786.52
903,3,237,8,161,113,12.65,2036.65
904,2,240,13,192,168,63.8,12249.6
905,1,85,2,86,83,108.28,9312.08
906,1,70,14,192,156,105.3,20217.6
907,4,364,8,91,61,12.69,1154.79
908,1,308,9,265,151,30.71,8138.15
909,4,368,4,293,224,114.24,33472.32
910,4,53,9,56,46,28.98,1622.88
911,1,367,10,225,190,102.76,23121.0
912,2,145,12,146,145,122.55,17892.3
913,3,412,6,170,152,72.32,12294.4
914,4,342,2,221,210,110.59,24440.39
915,4,200,4,116,95,109.22,12669.52
916,3,115,7,175,136,42.14,7374.5
917,2,292,11,188,178,139.41,26209.08
918,4,178,7,60,35,42.53,2551.8
919,1,71,2,120,83,111.7,13404.0
920,4,379,7,38,23,42.72,1623.36
921,2,182,11,97,73,142.81,13852.57
922,1,84,5,218,140,144.69,31542.42
923,3,232,8,246,231,12.81,3151.26
924,4,336,6,219,122,68.58,15019.02
925,4,96,3,231,177,19.93,4603.83
926,2,71,12,278,267,120.87,33601.86
927,1,255,9,124,108,29.06,3603.44
928,2,348,10,244,157,105.49,25739.56
929,4,327,5,164,96,141.77,23250.28
930,1,302,11,192,116,144.43,27730.56
931,4,375,4,143,101,115.09,16457.87
932,3,299,4,294,222,115.54,33968.76
933,1,389,14,137,123,108.63,14882.31
934,3,20,3,267,258,18.67,4984.89
935,1,51,14,271,161,106.44,28845.24
936,1,124,11,56,46,136.49,7643.44
937,2,22,3,70,47,19.22,1345.4
938,3,298,8,81,53,12.59,1019.79
939,1,280,2,36,31,106.35,3828.6
940,4,353,11,173,97,142.96,24732.08
941,4,346,4,26,16,108.64,2824.64
942,3,405,8,214,169,13.03,2788.42
943,1,149,6,103,58,68.93,7099.79
944,1,353,11,237,166,140.62,33326.94
945,2,270,2,95,69,109.7,10421.5
946,4,137,8,149,110,12.86,1916.14
947,3,144,5,47,36,143.91,6763.77
948,2,200,14,70,65,109.24,7646.8
949,3,334,8,298,177,12.84,3826.32
950,3,405,11,226,139,137.98,31183.48
951,2,212,4,84,51,110.71,9299.64
952,4,414,11,170,94,143.68,24425.6
953,2,193,8,175,140,13.22,2313.5
954,3,413,2,203,182,109.76,22281.28
955,3,243,2,199,114,112.78,22443.22
956,1,129,11,292,174,145.03,42348.76
957,2,184,5,280,238,143.81,40266.8
958,2,42,10,191,136,103.78,19821.98
959,4,418,9,103,80,29.04,2991.12
960,4,331,1,285,184,60.45,17228.25
961,4,380,7,89,79,40.77,3628.53
962,3,112,11,142,108,143.88,20430.96
963,4,148,10,200,127,108.78,21756.0
964,4,225,3,141,109,19.78,2788.98
965,4,317,5,210,149,145.49,30552.9
966,3,133,9,110,82,29.12,3203.2
967,2,236,13,154,136,60.75,9355.5
968,2,136,2,181,108,107.05,19376.05
969,2,360,2,291,282,112.51,32740.41
970,4,227,8,148,82,12.59,1863.32
971,4,251,12,61,36,124.51,7595.11
972,3,343,5,95,68,142.25,13513.75
973,2,268,3,206,176,19.69,4056.14
974,1,41,4,229,143,111.06,25432.74
975,1,344,1,204,136,60.49,12339.96
976,2,201,14,198,163,107.68,21320.64
977,4,24,7,295,226,42.21,12451.95
978,2,207,14,112,80,105.8,11849.6
979,1,129,1,242,212,60.43,14624.06
980,1,5,4,75,68,115.63,8672.25
981,3,187,4,116,86,116.02,13458.32
982,3,183,8,269,243,12.77,3435.13
983,2,149,14,89,56,102.8,9149.2
984,4,82,3,96,67,18.61,1786.56
985,1,394,1,34,30,61.53,2092.02
986,2,333,9,133,97,30.7,4083.1
987,3,135,13,294,258,61.84,18180.96
988,3,217,1,60,47,61.22,3673.2
989,1,28,7,184,115,41.8,7691.2
990,2,165,9,88,50,28.96,2548.48
991,3,253,9,157,126,29.55,4639.35
992,2,168,3,241,187,19.92,4800.72
993,4,26,4,221,157,115.85,25602.85
994,4,149,14,33,30,104.46,3447.18
995,3,247,2,146,117,108.31,15813.26
996,3,7,7,290,171,41.36,11994.4
997,2,207,8,30,25,12.44,373.2
998,4,340,1,172,142,61.95,10655.4
999,4,356,6,184,158,68.06,12523.04
1000,4,330,11,190,139,136.8,25992.0
1001,4,208,10,123,86,101.46,12479.58
1002,1,274,3,262,184,18.85,4938.7
1003,3,281,2,174,116,112.55,19583.7
1004,3,96,13,44,39,59.58,2621.52
1005,1,258,4,287,198,112.78,32367.86
1006,2,67,7,244,230,43.65,10650.6
1007,4,110,13,96,59,62.22,5973.12
1008,3,220,2,247,157,111.35,27503.45
1009,1,190,10,230,131,108.1,24863.0
1010,1,122,6,54,35,71.27,3848.58
1011,3,387,12,136,131,119.0,16184.0
1012,2,406,10,279,223,105.0,29295.0
1013,3,41,11,135,110,139.46,18827.1
1014,2,205,2,277,236,108.66,30098.82
1015,3,10,10,157,103,105.07,16495.99
1016,2,252,14,224,139,108.66,24339.84
1017,2,344,11,127,118,138.31,17565.37
1018,2,102,8,262,203,13.19,3455.78
1019,1,258,6,206,180,69.85,14389.1
1020,1,203,9,254,149,29.76,7559.04
1021,1,303,7,111,66,42.32,4697.52
1022,3,293,1,150,127,58.39,8758.5
1023,4,235,1,80,61,59.83,4786.4
1024,3,327,2,184,122,107.4,19761.6
1025,4,392,12,159,127,116.36,18501.24
1026,1,386,11,244,157,137.95,33659.8
1027,3,346,9,195,160,30.59,5965.05
1028,3,58,7,188,157,43.16,8114.08
1029,2,410,11,282,162,135.96,38340.72
1030,2,5,6,121,73,70.8,8566.8
1031,2,310,10,213,122,101.49,21617.37
1032,4,361,6,107,99,73.05,7816.35
1033,2,297,14,134,121,104.48,14000.32
1034,1,321,9,154,146,29.93,4609.22
1035,4,359,11,88,86,145.82,12832.16
1036,4,296,12,282,173,124.75,35179.5
1037,1,245,5,120,70,141.81,17017.2
1038,3,392,13,210,203,61.81,12980.1
1039,3,123,6,24,17,68.21,1637.04
1040,1,330,6,160,153,71.69,11470.4
1041,3,52,8,164,122,12.59,2064.76
1042,3,311,4,60,47,110.25,6615.0
1043,2,173,3,26,18,19.33,502.58
1044,3,101,11,257,143,141.1,36262.7
1045,2,235,3,298,287,18.95,5647.1
1046,2,146,12,210,166,122.25,25672.5
1047,1,210,3,269,195,18.89,5081.41
1048,2,289,13,234,154,59.8,13993.2
1049,1,131,10,163,141,102.3,16674.9
1050,4,230,8,163,101,12.78,2083.14
1051,3,104,14,130,76,107.04,13915.2
1052,4,10,11,262,204,139.65,36588.3
1053,3,92,1,61,41,62.63,3820.43
1054,2,279,3,116,93,18.55,2151.8
1055,1,346,7,130,107,43.38,5639.4
1056,2,156,10,154,85,109.23,16821.42
1057,4,222,12,288,243,119.52,34421.76
1058,4,311,1,145,140,58.56,8491.2
1059,3,404,12,288,226,116.69,33606.72
1060,4,351,6,84,65,72.25,6069.0
1061,3,374,12,236,202,123.87,29233.32
1062,2,122,4,218,215,111.19,24239.42
1063,3,212,14,90,68,108.76,9788.4
1064,3,146,8,63,56,12.83,808.29
1065,3,295,2,205,137,108.24,22189.2
1066,1,378,6,48,39,71.63,3438.24
1067,1,126,6,268,162,69.61,18655.48
1068,3,401,7,236,169,42.49,10027.64
1069,2,391,11,111,76,136.06,15102.66
1070,4,57,4,90,70,108.41,9756.9
1071,4,336,4,289,240,115.91,33497.99
1072,4,246,1,45,33,59.4,2673.0
1073,3,224,8,146,84,12.42,1813.32
1074,2,186,14,123,106,102.51,12608.73
1075,1,252,8,105,65,12.85,1349.25
1076,3,70,10,34,20,103.56,3521.04
1077,4,254,9,34,33,29.37,998.58
1078,4,153,2,111,66,106.31,11800.41
1079,4,249,7,273,203,41.7,11384.1
1080,4,368,13,49,29,62.48,3061.52
1081,3,153,2,287,249,111.64,32040.68
1082,2,121,11,151,115,139.25,21026.75
1083,3,46,14,182,140,103.91,18911.62
1084,3,337,9,166,133,29.41,4882.06
1085,3,171,4,63,37,114.92,7239.96
1086,4,43,7,134,84,42.58,5705.72
1087,4,170,5,224,212,145.29,32544.96
1088,1,336,11,245,175,136.6,33467.0
1089,4,282,10,49,46,105.0,5145.0
1090,4,341,5,237,222,135.9,32208.3
1091,4,55,1,192,169,59.84,11489.28
1092,2,253,10,39,33,102.16,3984.24
1093,4,147,3,238,194,19.85,4724.3
1094,2,194,1,132,125,61.9,8170.8
1095,1,248,5,63,55,139.18,8768.34
1096,1,364,12,32,28,118.25,3784.0
1097,2,32,12,179,99,119.49,21388.71
1098,2,130,7,181,176,43.72,7913.32
1099,2,371,8,285,159,12.99,3702.15
1100,4,372,10,264,208,108.52,28649.28
1101,2,174,4,174,170,108.06,18802.44
1102,4,221,13,109,96,63.65,6937.85
1103,2,129,8,66,57,12.73,840.18
1104,2,46,11,145,144,141.51,20518.95
1105,2,162,7,205,165,43.82,8983.1
1106,2,273,1,87,79,62.75,5459.25
1107,4,139,9,150,86,28.95,4342.5
1108,2,233,3,122,68,18.98,2315.56
1109,3,326,6,299,254,69.52,20786.48
1110,2,286,4,91,83,112.78,10262.98
1111,1,161,7,223,172,42.06,9379.38
1112,4,63,2,104,99,108.68,11302.72
1113,3,13,10,290,260,108.53,31473.7
1114,3,404,3,281,170,19.73,5544.13
1115,4,156,12,298,183,119.16,35509.68
1116,4,74,1,230,174,61.82,14218.6
1117,4,90,13,145,111,59.33,8602.85
1118,3,381,6,77,57,72.83,5607.91
1119,2,257,8,103,74,13.03,1342.09
1120,1,65,2,205,132,109.36,22418.8
1121,1,17,13,286,231,59.58,17039.88
1122,3,227,6,236,139,72.74,17166.64
1123,3,300,4,253,183,113.86,28806.58
1124,3,199,9,151,127,28.76,4342.76
1125,2,208,10,242,200,101.81,24638.02
1126,1,208,2,174,119,105.9,18426.6
1127,2,394,13,259,169,63.43,16428.37
1128,3,127,11,251,155,143.78,36088.78
1129,3,230,13,265,185,62.29,16506.85
1130,1,148,2,237,197,105.97,25114.89
1131,3,277,9,70,57,29.88,2091.6
1132,1,405,5,257,216,143.52,36884.64
1133,3,189,12,71,49,123.03,8735.13
1134,3,366,8,59,37,12.59,742.81
1135,4,167,10,199,177,108.51,21593.49
1136,2,143,4,93,92,112.74,10484.82
1137,4,260,6,243,188,69.34,16849.62
1138,2,409,1,196,136,58.3,11426.8
1139,1,80,8,35,26,12.88,450.8
1140,3,35,9,178,141,30.11,5359.58
1141,1,134,2,160,124,110.57,17691.2
1142,3,257,4,256,175,114.47,29304.32
1143,3,128,4,120,101,111.02,13322.4
1144,4,166,1,197,173,62.09,12231.73
1145,2,322,5,180,167,137.56,24760.8
1146,2,34,7,222,218,42.64,9466.08
1147,2,244,14,225,174,108.98,24520.5
1148,2,113,5,149,147,139.01,20712.49
1149,2,120,1,72,43,61.23,4408.56
1150,4,381,14,143,132,108.55,15522.65
1151,2,23,5,289,274,139.37,40277.93
1152,1,59,7,289,183,43.42,12548.38
1153,1,273,11,227,198,142.88,32433.76
1154,3,250,7,226,189,41.38,9351.88
1155,2,101,6,158,120,70.9,11202.2
1156,4,150,12,260,159,123.27,32050.2
1157,4,201,1,99,74,60.12,5951.88
1158,3,219,5,147,140,136.68,20091.96
1159,4,100,11,113,92,141.58,15998.54
1160,3,43,14,247,231,109.9,27145.3
1161,3,32,3,144,87,19.74,2842.56
1162,2,337,10,26,20,103.59,2693.34
1163,3,363,6,248,198,71.23,17665.04
1164,4,400,2,38,33,106.21,4035.98
1165,2,109,5,53,35,138.26,7327.78
1166,1,249,12,27,26,116.79,3153.33
1167,2,284,10,253,205,106.77,27012.81
1168,4,4,2,243,225,108.12,26273.16
1169,2,397,7,25,24,41.27,1031.75
1170,3,18,14,170,126,103.22,17547.4
1171,1,388,11,215,178,143.67,30889.05
1172,4,20,7,75,71,41.33,3099.75
1173,2,248,10,252,216,104.55,26346.6
1174,3,62,7,24,19,43.13,1035.12
1175,2,403,9,197,135,29.53,5817.41
1176,1,324,10,65,48,104.0,6760.0
1177,1,275,10,271,205,109.1,29566.1
1178,1,33,1,24,17,62.07,1489.68
1179,1,290,9,142,139,29.75,4224.5
1180,1,8,1,31,17,59.46,1843.26
1181,1,284,6,139,127,72.42,10066.38
1182,2,288,11,57,38,146.59,8355.63
1183,1,245,3,163,131,18.89,3079.07
1184,1,407,13,126,81,60.43,7614.18
1185,1,259,10,248,167,102.58,25439.84
1186,3,385,2,268,222,109.92,29458.56
1187,3,141,9,65,49,30.24,1965.6
1188,3,149,8,98,86,12.94,1268.12
1189,3,86,2,76,47,107.27,8152.52
1190,3,320,6,267,211,69.09,18447.03
1191,4,277,1,98,67,62.67,6141.66
1192,3,256,3,256,183,19.21,4917.76
1193,3,98,12,40,38,117.83,4713.2
1194,4,108,8,133,131,12.46,1657.18
1195,2,15,14,119,98,109.05,12976.95
1196,2,363,1,105,81,61.69,6477.45
1197,1,411,6,31,29,70.25,2177.75
1198,4,56,14,139,118,108.57,15091.23
1199,4,34,13,72,49,62.78,4520.16
1200,2,198,10,39,29,104.37,4070.43
1201,3,6,12,164,97,122.11,20026.04
1202,4,209,12,137,136,116.47,15956.39
1203,1,340,9,129,82,30.13,3886.77
1204,1,337,3,220,215,19.21,4226.2
1205,1,97,3,49,29,18.57,909.93
1206,2,207,3,53,29,19.57,1037.21
1207,3,315,10,151,100,103.55,15636.05
1208,1,133,9,148,97,30.13,4459.24
1209,4,6,7,41,38,41.2,1689.2
1210,3,181,2,247,175,113.71,28086.37
1211,1,127,4,71,68,111.39,7908.69
1212,2,410,3,180,156,18.61,3349.8
1213,2,168,13,189,181,60.65,11462.85
1214,3,295,10,198,123,104.16,20623.68
1215,2,251,10,261,228,103.16,26924.76
1216,2,398,1,22,21,58.63,1289.86
1217,3,134,6,129,118,70.62,9109.98
1218,3,31,3,135,78,19.84,2678.4
1219,3,382,4,145,134,115.37,16728.65
1220,3,263,2,251,139,108.01,27110.51
1221,4,269,11,20,11,146.43,2928.6
1222,4,117,4,127,100,112.03,14227.81
1223,1,97,14,200,172,105.42,21084.0
1224,1,390,4,202,129,112.87,22799.74
1225,4,231,4,183,105,114.13,20885.79
1226,4,324,11,38,35,136.17,5174.46
1227,3,36,10,222,202,106.12,23558.64
1228,4,387,12,191,127,123.88,23661.08
1229,1,203,11,272,264,143.07,38915.04
1230,1,390,2,169,142,108.5,18336.5
1231,4,328,9,137,130,30.06,4118.22
1232,1,261,4,159,113,113.65,18070.35
1233,3,285,7,133,104,42.39,5637.87
1234,4,123,4,242,219,114.58,27728.36
1235,2,284,12,78,76,121.3,9461.4
1236,4,148,5,241,183,143.25,34523.25
1237,4,261,5,67,39,137.9,9239.3
1238,4,153,10,82,73,107.08,8780.56
1239,2,102,12,111,83,116.36,12915.96
1240,4,400,5,131,105,135.7,17776.7
1241,2,329,9,261,248,30.25,7895.25
1242,4,198,4,161,122,110.7,17822.7
1243,2,119,8,63,61,12.7,800.1
1244,4,159,5,40,32,138.26,5530.4
1245,1,196,5,229,147,136.9,31350.1
1246,2,229,14,139,97,106.5,14803.5
1247,2,67,3,133,92,18.63,2477.79
1248,3,138,4,238,188,114.95,27358.1
1249,1,370,14,231,142,102.25,23619.75
1250,4,121,6,187,110,68.14,12742.18
1251,1,420,12,193,123,118.85,22938.05
1252,1,160,4,201,180,111.19,22349.19
1253,1,98,14,87,86,103.47,9001.89
1254,2,231,4,125,75,114.24,14280.0
1255,4,181,8,94,61,12.4,1165.6
1256,4,8,9,125,123,28.77,3596.25
1257,2,363,13,21,12,63.34,1330.14
