id,date,type,status,counterparty_type,supplier,shipment,item,reason_code,closed_date,amount_filed,amount_paid,days_open
1,2026-06-15,warranty,resolved,customer,12,1,11,short_ship,2026-06-20,743.62,54.06,24.23
2,2026-01-09,deduction,resolved,customer,9,2,10,spec_fail,2026-02-07,1066.67,1019.2,21.84
3,2025-11-24,deduction,open,supplier,12,3,7,concealed_damage,,1267.93,0.0,15.99
4,2026-07-21,insurance,denied,customer,14,4,12,short_ship,2026-08-19,675.12,0.0,26.12
5,2025-02-26,warranty,denied,supplier,9,5,13,spec_fail,2025-04-03,757.23,0.0,17.45
6,2024-08-11,warranty,denied,supplier,12,6,1,late_delivery,2024-08-31,249.57,0.0,5.52
7,2026-04-11,shortage,approved,customer,10,7,8,concealed_damage,2026-04-28,2090.42,121.03,7.48
8,2025-05-22,chargeback,resolved,customer,7,8,7,spec_fail,2025-07-04,590.55,544.54,26.05
9,2026-05-16,shortage,denied,customer,7,9,12,concealed_damage,2026-05-28,3028.87,0.0,13.23
10,2025-03-11,damage,open,supplier,12,10,6,temperature_excursion,,152.19,0.0,24.72
11,2024-09-27,warranty,approved,customer,3,11,14,temperature_excursion,2024-10-24,2642.07,2163.59,7.5
12,2026-04-22,chargeback,resolved,customer,7,12,9,temperature_excursion,2026-05-14,2444.0,1845.22,3.39
13,2025-06-26,warranty,resolved,customer,6,13,8,concealed_damage,2025-07-08,2908.36,411.24,7.91
14,2024-10-11,shortage,denied,carrier,8,14,7,spec_fail,2024-10-18,3740.7,0.0,27.25
15,2025-10-03,shortage,resolved,supplier,11,15,7,concealed_damage,2025-11-04,2121.13,646.31,9.6
16,2026-01-08,warranty,resolved,supplier,5,16,8,late_delivery,2026-01-31,2853.5,571.84,1.52
17,2025-08-28,shortage,resolved,customer,3,17,8,temperature_excursion,2025-09-25,3104.46,1062.35,8.54
18,2024-10-21,insurance,denied,carrier,1,18,10,short_ship,2024-10-29,1446.2,0.0,18.98
19,2025-10-21,warranty,open,customer,12,19,12,concealed_damage,,3234.98,0.0,5.81
20,2026-04-12,deduction,approved,customer,11,20,9,concealed_damage,2026-05-22,1704.79,1481.63,18.64
21,2025-05-14,deduction,approved,carrier,9,21,12,temperature_excursion,2025-06-04,221.95,82.23,29.2
22,2026-06-29,chargeback,approved,customer,6,22,6,temperature_excursion,2026-08-06,3101.88,994.77,23.91
23,2026-02-11,shortage,resolved,supplier,14,23,4,concealed_damage,2026-02-21,532.39,426.81,10.0
24,2025-01-28,warranty,denied,carrier,13,24,6,temperature_excursion,2025-02-27,3518.26,0.0,29.42
25,2025-02-01,warranty,denied,carrier,3,25,2,temperature_excursion,2025-03-08,1829.33,0.0,23.79
26,2026-07-11,shortage,resolved,customer,7,26,6,spec_fail,2026-08-20,2577.84,904.31,26.93
27,2025-05-19,insurance,approved,carrier,11,27,13,short_ship,2025-05-29,2829.2,1025.59,28.2
28,2026-05-03,damage,denied,carrier,2,28,3,spec_fail,2026-05-28,2655.76,0.0,21.98
29,2025-10-31,shortage,open,customer,5,29,6,short_ship,,2691.81,0.0,12.19
30,2025-12-24,warranty,open,carrier,5,30,6,late_delivery,,534.9,0.0,4.31
31,2024-11-04,damage,denied,carrier,14,31,7,concealed_damage,2024-11-09,196.1,0.0,19.38
32,2026-04-29,chargeback,denied,supplier,13,32,5,concealed_damage,2026-06-13,2246.91,0.0,5.29
33,2025-09-05,insurance,approved,carrier,2,33,1,temperature_excursion,2025-09-09,3125.7,2445.86,27.18
34,2025-01-02,warranty,denied,supplier,3,34,8,late_delivery,2025-01-19,1319.3,0.0,22.2
35,2026-07-24,damage,resolved,carrier,6,35,3,short_ship,2026-07-26,2749.56,765.48,28.24
36,2026-07-10,insurance,denied,supplier,7,36,5,temperature_excursion,2026-07-31,2464.29,0.0,22.9
37,2024-08-27,insurance,denied,supplier,12,37,8,spec_fail,2024-10-07,1801.39,0.0,7.94
38,2025-03-21,shortage,denied,supplier,14,38,1,late_delivery,2025-03-25,3091.77,0.0,16.31
39,2025-12-30,shortage,denied,supplier,8,39,13,short_ship,2026-01-05,3301.56,0.0,6.55
40,2025-12-18,shortage,resolved,customer,6,40,13,short_ship,2025-12-30,3077.74,987.03,14.16
41,2025-03-14,deduction,resolved,supplier,4,41,9,late_delivery,2025-03-28,442.94,142.36,14.33
42,2026-06-09,warranty,approved,customer,7,42,12,spec_fail,2026-06-29,2448.21,925.43,6.86
43,2025-02-01,chargeback,approved,supplier,12,43,9,concealed_damage,2025-03-09,2362.87,1170.57,24.38
44,2024-09-12,deduction,resolved,customer,2,44,14,temperature_excursion,2024-09-20,3024.58,2216.41,16.33
45,2026-01-15,warranty,denied,carrier,10,45,2,short_ship,2026-01-19,3046.21,0.0,3.71
46,2025-12-11,damage,resolved,supplier,2,46,8,concealed_damage,2026-01-14,626.59,363.92,1.17
47,2026-07-24,damage,open,supplier,11,47,9,temperature_excursion,,2085.98,0.0,19.0
48,2025-07-15,shortage,denied,carrier,12,48,10,spec_fail,2025-08-26,2975.99,0.0,6.81
49,2026-03-16,shortage,resolved,supplier,11,49,3,temperature_excursion,2026-04-12,1107.42,821.81,21.19
50,2025-05-20,damage,approved,carrier,1,50,9,short_ship,2025-06-24,2295.59,2265.28,6.06
51,2026-05-25,damage,approved,customer,12,51,2,late_delivery,2026-07-05,3442.36,2358.71,22.43
52,2025-09-21,warranty,resolved,customer,1,52,2,short_ship,2025-09-24,1509.26,125.87,12.0
53,2026-06-17,shortage,approved,customer,3,53,8,concealed_damage,2026-07-12,2425.69,1044.26,2.59
54,2025-02-18,insurance,denied,supplier,4,54,5,late_delivery,2025-04-01,1474.48,0.0,7.7
55,2025-06-13,insurance,denied,customer,6,55,2,temperature_excursion,2025-07-09,1560.91,0.0,13.35
56,2024-08-26,damage,approved,customer,1,56,14,temperature_excursion,2024-09-27,2264.65,38.5,14.07
57,2026-03-17,deduction,denied,carrier,9,57,2,late_delivery,2026-04-04,2325.63,0.0,2.02
58,2025-08-05,deduction,open,carrier,2,58,2,late_delivery,,3321.23,0.0,25.53
59,2025-02-12,damage,approved,customer,14,59,6,short_ship,2025-02-14,2355.32,2151.12,4.94
60,2026-04-30,damage,open,supplier,1,60,13,spec_fail,,684.98,0.0,25.41
61,2026-03-20,shortage,resolved,customer,7,61,14,short_ship,2026-05-02,1111.04,699.4,29.02
62,2025-11-14,shortage,resolved,carrier,14,62,9,spec_fail,2025-12-01,2243.43,424.23,27.7
63,2025-07-27,insurance,approved,carrier,9,63,12,concealed_damage,2025-08-30,3419.62,1110.69,21.11
64,2026-01-12,shortage,resolved,carrier,4,64,12,spec_fail,2026-01-14,1289.26,72.46,16.45
65,2024-11-25,deduction,denied,supplier,12,65,14,short_ship,2024-12-31,1361.6,0.0,5.82
66,2025-07-15,insurance,approved,carrier,6,66,13,concealed_damage,2025-08-27,2449.32,355.4,8.54
67,2025-08-08,damage,resolved,carrier,9,67,7,concealed_damage,2025-09-19,383.77,290.47,20.03
68,2025-07-23,insurance,denied,carrier,1,68,6,concealed_damage,2025-08-31,2127.29,0.0,15.87
69,2024-10-07,shortage,open,customer,13,69,4,spec_fail,,2441.32,0.0,4.96
70,2026-04-03,warranty,denied,customer,2,70,7,late_delivery,2026-04-21,3603.94,0.0,29.26
71,2025-06-28,insurance,approved,customer,6,71,2,late_delivery,2025-07-03,2269.48,1513.29,1.62
72,2025-04-08,shortage,resolved,supplier,7,72,7,concealed_damage,2025-05-03,2662.47,1475.81,3.47
73,2026-04-15,shortage,denied,supplier,7,73,4,late_delivery,2026-05-23,512.54,0.0,14.98
74,2025-10-04,warranty,approved,carrier,5,74,14,temperature_excursion,2025-11-05,320.58,159.07,14.73
75,2025-11-28,shortage,denied,carrier,11,75,10,concealed_damage,2026-01-12,388.24,0.0,4.67
76,2026-07-22,damage,denied,customer,14,76,10,short_ship,2026-08-14,3439.34,0.0,6.69
77,2026-06-17,warranty,approved,carrier,12,77,2,temperature_excursion,2026-07-03,2103.92,1615.18,4.98
78,2025-08-04,chargeback,open,customer,1,78,1,concealed_damage,,2247.91,0.0,20.95
79,2025-08-26,warranty,approved,carrier,11,79,10,short_ship,2025-10-07,1825.09,1165.14,29.82
80,2025-01-08,insurance,denied,supplier,4,80,2,temperature_excursion,2025-02-20,652.92,0.0,10.34
81,2026-03-13,chargeback,open,supplier,4,81,5,short_ship,,1416.48,0.0,7.59
82,2025-07-07,deduction,denied,customer,9,82,13,temperature_excursion,2025-08-17,2913.46,0.0,3.22
83,2025-06-22,warranty,approved,customer,2,83,6,late_delivery,2025-07-08,1909.38,988.68,1.6
84,2024-12-03,shortage,denied,customer,3,84,12,short_ship,2025-01-02,1778.9,0.0,21.17
85,2026-01-08,shortage,open,customer,9,85,8,short_ship,,2214.41,0.0,14.41
86,2024-11-25,chargeback,approved,carrier,2,86,5,late_delivery,2024-12-28,3416.37,2584.49,26.29
87,2024-09-09,shortage,resolved,customer,11,87,5,spec_fail,2024-10-07,534.18,191.83,27.74
88,2025-01-29,warranty,resolved,supplier,11,88,14,late_delivery,2025-03-05,3809.34,700.54,8.34
89,2025-03-08,insurance,denied,customer,10,89,10,late_delivery,2025-03-10,2618.88,0.0,16.58
90,2025-10-07,damage,approved,customer,8,90,12,concealed_damage,2025-10-20,200.15,157.28,26.58
91,2025-03-25,warranty,denied,supplier,8,91,12,late_delivery,2025-04-10,3836.13,0.0,25.53
92,2026-05-10,insurance,approved,customer,13,92,11,short_ship,2026-05-29,3706.58,1747.28,22.85
93,2024-11-05,chargeback,approved,carrier,10,93,13,concealed_damage,2024-12-04,2438.42,2372.59,29.52
94,2026-06-09,warranty,open,carrier,11,94,8,concealed_damage,,67.62,0.0,24.87
95,2025-09-24,warranty,denied,supplier,7,95,2,short_ship,2025-10-04,3558.76,0.0,19.29
96,2024-08-16,warranty,denied,customer,11,96,14,late_delivery,2024-09-23,3899.19,0.0,2.28
97,2026-01-29,shortage,approved,carrier,10,97,13,spec_fail,2026-03-08,466.92,286.18,7.23
98,2025-09-10,shortage,denied,supplier,8,98,12,short_ship,2025-10-02,100.49,0.0,2.46
99,2026-07-17,deduction,resolved,supplier,11,99,10,short_ship,2026-08-05,3204.43,1208.07,8.03
100,2025-11-09,deduction,open,supplier,10,100,7,concealed_damage,,736.58,0.0,15.56
101,2025-10-02,warranty,approved,carrier,9,101,12,concealed_damage,2025-11-04,2252.43,650.5,16.9
102,2025-10-01,damage,resolved,carrier,2,102,14,late_delivery,2025-10-21,3395.0,1754.19,29.68
103,2026-02-14,chargeback,approved,customer,8,103,14,short_ship,2026-03-02,249.91,87.24,3.39
104,2025-04-14,chargeback,resolved,carrier,5,104,9,concealed_damage,2025-05-14,2706.56,2404.77,11.4
105,2025-01-21,deduction,approved,carrier,4,105,1,late_delivery,2025-02-15,1251.12,442.27,4.84
106,2025-10-25,warranty,resolved,supplier,5,106,10,late_delivery,2025-11-15,3115.79,1308.32,7.82
107,2025-04-09,damage,approved,carrier,1,107,14,short_ship,2025-04-16,389.6,342.11,13.01
108,2026-01-09,warranty,approved,customer,7,108,7,concealed_damage,2026-01-12,2694.15,2685.8,6.95
109,2026-07-07,chargeback,approved,supplier,9,109,11,spec_fail,2026-07-14,1034.4,944.61,14.41
110,2026-05-05,damage,resolved,supplier,1,110,2,spec_fail,2026-05-25,469.31,208.65,14.48
111,2025-06-23,shortage,open,customer,2,111,4,concealed_damage,,2554.05,0.0,10.98
112,2025-08-24,insurance,resolved,carrier,10,112,12,concealed_damage,2025-09-04,2748.28,1101.79,4.72
113,2024-11-29,chargeback,resolved,customer,11,113,5,temperature_excursion,2024-12-11,55.88,11.59,20.48
114,2026-05-20,damage,resolved,customer,9,114,2,late_delivery,2026-05-21,3640.89,3526.93,4.71
115,2024-09-30,insurance,approved,supplier,7,115,9,concealed_damage,2024-10-13,559.7,113.11,5.28
116,2025-04-16,insurance,approved,customer,9,116,1,temperature_excursion,2025-05-02,2116.9,1936.96,10.26
117,2026-01-06,shortage,approved,customer,6,117,1,short_ship,2026-02-18,966.6,250.54,4.8
118,2026-01-30,shortage,resolved,customer,9,118,13,temperature_excursion,2026-02-18,664.66,421.53,28.53
119,2025-03-06,shortage,approved,carrier,9,119,5,late_delivery,2025-03-31,3446.32,547.27,15.89
120,2024-10-01,insurance,resolved,supplier,5,120,1,late_delivery,2024-10-14,837.63,331.54,15.87
121,2026-07-14,insurance,approved,supplier,12,121,14,concealed_damage,2026-07-21,2570.54,2340.99,9.16
122,2025-08-01,warranty,open,customer,6,122,7,short_ship,,2418.75,0.0,14.71
123,2025-01-02,insurance,open,customer,3,123,13,concealed_damage,,3025.03,0.0,1.52
124,2025-01-23,deduction,resolved,supplier,3,124,14,short_ship,2025-02-28,3663.88,2976.17,21.69
125,2025-10-25,shortage,open,carrier,2,125,3,concealed_damage,,3231.56,0.0,5.35
126,2024-10-11,chargeback,denied,customer,8,126,10,short_ship,2024-11-23,3669.65,0.0,21.03
127,2026-06-29,chargeback,resolved,supplier,13,127,12,temperature_excursion,2026-07-03,2434.68,837.77,10.23
128,2025-06-20,warranty,open,carrier,14,128,5,spec_fail,,1347.87,0.0,22.16
129,2025-09-13,warranty,resolved,customer,3,129,7,temperature_excursion,2025-10-27,2026.29,1474.74,28.67
130,2025-05-02,deduction,open,customer,7,130,10,short_ship,,149.93,0.0,16.96
131,2026-01-12,shortage,denied,carrier,10,131,13,spec_fail,2026-01-22,3061.36,0.0,4.38
132,2026-06-05,chargeback,open,supplier,3,132,11,late_delivery,,2089.84,0.0,29.2
133,2025-05-19,deduction,approved,supplier,14,133,13,temperature_excursion,2025-05-20,78.93,70.49,20.35
134,2024-11-30,deduction,denied,carrier,4,134,1,temperature_excursion,2024-12-09,1598.68,0.0,17.66
135,2025-03-26,damage,denied,supplier,10,135,5,concealed_damage,2025-05-05,1945.44,0.0,16.81
136,2026-01-27,insurance,resolved,carrier,11,136,2,spec_fail,2026-03-08,3672.47,3079.74,21.02
137,2025-09-26,chargeback,open,customer,11,137,14,late_delivery,,3531.11,0.0,10.17
138,2026-04-13,chargeback,open,carrier,2,138,10,short_ship,,2135.92,0.0,12.23
139,2026-06-26,chargeback,open,carrier,5,139,2,late_delivery,,3728.24,0.0,23.53
140,2025-12-22,damage,resolved,supplier,7,140,3,short_ship,2026-01-16,66.95,36.62,26.21
141,2024-08-17,deduction,resolved,carrier,13,141,11,concealed_damage,2024-08-21,96.96,14.55,5.18
142,2026-07-20,warranty,denied,customer,3,142,11,temperature_excursion,2026-08-25,767.53,0.0,21.87
143,2025-03-31,insurance,open,carrier,6,143,5,late_delivery,,437.95,0.0,16.21
144,2025-04-20,insurance,denied,supplier,12,144,1,temperature_excursion,2025-05-15,2798.98,0.0,2.56
145,2024-10-14,damage,denied,carrier,9,145,5,temperature_excursion,2024-11-13,874.91,0.0,22.22
146,2026-01-10,shortage,approved,customer,3,146,7,short_ship,2026-01-12,80.74,35.14,15.53
147,2026-02-20,warranty,approved,supplier,6,147,6,spec_fail,2026-04-06,191.31,82.38,14.58
148,2026-06-09,damage,open,supplier,4,148,4,short_ship,,3788.65,0.0,5.33
149,2025-04-04,deduction,denied,customer,14,149,4,late_delivery,2025-05-02,1579.21,0.0,24.34
150,2025-06-10,warranty,approved,customer,3,150,6,concealed_damage,2025-07-23,1954.79,750.44,21.31
151,2025-08-19,warranty,open,customer,13,151,12,short_ship,,1174.85,0.0,23.95
152,2024-12-20,damage,resolved,carrier,2,152,6,temperature_excursion,2025-01-21,3275.0,2039.34,22.51
153,2026-02-10,chargeback,open,customer,8,153,6,concealed_damage,,1604.46,0.0,18.06
154,2026-05-21,deduction,open,carrier,10,154,4,short_ship,,2125.66,0.0,20.3
155,2025-11-20,shortage,approved,supplier,10,155,9,late_delivery,2025-12-03,2742.84,1816.86,7.35
156,2026-07-28,deduction,open,carrier,11,156,9,short_ship,,1298.61,0.0,19.17
157,2024-10-24,chargeback,denied,supplier,2,157,12,temperature_excursion,2024-11-10,521.3,0.0,17.6
158,2025-03-21,deduction,denied,carrier,2,158,1,temperature_excursion,2025-04-26,2597.38,0.0,29.42
159,2025-08-24,shortage,resolved,supplier,3,159,3,short_ship,2025-09-15,2074.97,513.35,19.38
160,2026-04-10,insurance,resolved,customer,9,160,4,concealed_damage,2026-05-06,2053.3,341.26,7.9
161,2025-06-13,deduction,resolved,customer,1,161,8,concealed_damage,2025-07-28,1361.52,125.26,23.46
162,2024-08-15,insurance,open,customer,1,162,1,spec_fail,,348.47,0.0,16.24
163,2026-04-16,chargeback,denied,supplier,2,163,10,late_delivery,2026-05-12,98.73,0.0,23.86
164,2025-10-09,deduction,open,customer,5,164,14,concealed_damage,,1947.94,0.0,8.27
165,2025-02-03,chargeback,approved,carrier,2,165,7,temperature_excursion,2025-02-07,2018.67,1495.23,27.19
166,2025-04-28,chargeback,resolved,carrier,6,166,6,short_ship,2025-05-17,1771.07,251.67,19.08
167,2026-07-26,damage,approved,customer,10,167,14,spec_fail,2026-09-03,1648.5,1623.61,14.43
168,2026-05-22,damage,approved,customer,3,168,9,short_ship,2026-06-03,1881.07,678.69,7.21
169,2024-10-19,deduction,open,customer,11,169,2,spec_fail,,66.19,0.0,29.4
170,2026-06-11,warranty,approved,carrier,14,170,10,concealed_damage,2026-07-03,524.06,92.97,11.09
171,2025-07-18,chargeback,open,customer,4,171,14,late_delivery,,113.55,0.0,4.0
172,2025-09-19,shortage,open,supplier,6,172,5,concealed_damage,,3868.19,0.0,8.59
173,2024-09-19,deduction,resolved,carrier,11,173,10,concealed_damage,2024-10-18,1312.94,570.21,5.18
174,2025-07-09,chargeback,approved,carrier,2,174,12,short_ship,2025-07-14,708.96,663.23,5.59
175,2024-09-10,shortage,resolved,carrier,2,175,6,spec_fail,2024-09-11,1325.13,744.85,24.1
176,2026-04-08,chargeback,open,customer,11,176,13,late_delivery,,184.52,0.0,9.18
177,2024-12-10,shortage,resolved,carrier,11,177,12,temperature_excursion,2024-12-30,616.91,596.24,19.31
178,2026-02-20,warranty,denied,carrier,11,178,13,concealed_damage,2026-03-30,1289.12,0.0,11.01
179,2025-09-02,insurance,approved,customer,11,179,7,temperature_excursion,2025-10-11,188.36,12.53,8.53
180,2025-05-19,shortage,open,customer,7,180,5,concealed_damage,,1053.55,0.0,6.2
181,2026-02-06,insurance,approved,supplier,4,181,8,spec_fail,2026-03-07,3443.48,509.29,18.76
182,2024-09-03,deduction,denied,supplier,6,182,13,temperature_excursion,2024-09-22,1336.3,0.0,10.53
183,2025-12-18,damage,denied,supplier,12,183,3,concealed_damage,2026-01-11,630.59,0.0,27.33
184,2024-10-22,chargeback,resolved,supplier,10,184,6,spec_fail,2024-11-01,382.07,270.73,16.29
185,2026-04-04,damage,denied,supplier,7,185,1,short_ship,2026-04-05,2736.13,0.0,8.97
186,2026-04-23,damage,approved,supplier,8,186,8,spec_fail,2026-05-22,3019.19,2537.02,29.75
187,2025-03-20,shortage,open,carrier,8,187,8,temperature_excursion,,1127.3,0.0,25.86
188,2025-12-18,chargeback,approved,customer,7,188,11,spec_fail,2026-01-14,3247.11,1559.59,4.71
189,2024-11-14,chargeback,open,customer,9,189,1,temperature_excursion,,681.52,0.0,2.02
190,2024-11-04,chargeback,resolved,carrier,12,190,12,concealed_damage,2024-11-20,343.05,299.62,14.34
191,2025-06-20,damage,open,carrier,14,191,8,spec_fail,,104.08,0.0,7.84
192,2026-03-06,chargeback,approved,customer,5,192,3,late_delivery,2026-03-11,813.63,439.77,26.94
193,2024-10-04,insurance,approved,customer,13,193,6,concealed_damage,2024-11-13,3027.47,1620.6,2.65
194,2025-04-02,insurance,resolved,carrier,11,194,8,spec_fail,2025-04-12,1951.87,1388.17,27.69
195,2025-06-24,insurance,resolved,carrier,4,195,3,spec_fail,2025-07-18,224.13,99.42,22.25
196,2024-09-25,warranty,resolved,supplier,7,196,14,short_ship,2024-11-09,3687.63,956.57,26.86
197,2025-11-17,deduction,approved,customer,11,197,6,concealed_damage,2025-12-23,3375.0,1676.03,8.41
198,2025-05-15,chargeback,approved,supplier,3,198,11,late_delivery,2025-06-01,780.81,713.43,27.44
199,2024-10-10,warranty,open,customer,2,199,8,late_delivery,,2497.92,0.0,22.52
200,2026-06-02,deduction,open,customer,2,200,7,spec_fail,,1241.48,0.0,5.43
201,2025-11-04,insurance,denied,supplier,10,201,11,late_delivery,2025-12-06,3036.82,0.0,25.39
202,2025-12-18,deduction,resolved,carrier,13,202,1,short_ship,2025-12-20,2965.96,149.48,10.84
203,2025-01-21,damage,denied,supplier,1,203,10,concealed_damage,2025-02-23,3336.57,0.0,6.11
204,2026-03-20,chargeback,open,customer,14,204,4,concealed_damage,,2515.71,0.0,4.58
205,2025-09-02,damage,denied,supplier,5,205,2,temperature_excursion,2025-09-29,1896.41,0.0,23.17
206,2024-10-21,damage,approved,supplier,5,206,2,concealed_damage,2024-10-29,2547.94,2202.44,14.19
207,2026-06-21,warranty,approved,customer,11,207,12,concealed_damage,2026-07-12,3425.14,1331.69,3.59
208,2026-07-10,chargeback,open,customer,1,208,7,spec_fail,,2556.76,0.0,17.68
209,2026-02-19,chargeback,open,supplier,12,209,11,temperature_excursion,,3604.96,0.0,22.75
210,2025-05-01,warranty,open,customer,4,210,6,spec_fail,,1297.6,0.0,27.67
211,2024-08-24,insurance,approved,carrier,3,211,3,late_delivery,2024-09-05,1842.48,1421.48,15.64
212,2024-11-01,warranty,denied,supplier,7,212,9,short_ship,2024-12-02,2796.81,0.0,10.41
213,2026-07-13,insurance,open,carrier,3,213,6,short_ship,,3268.96,0.0,14.63
214,2026-03-23,insurance,denied,supplier,14,214,11,spec_fail,2026-04-07,2409.19,0.0,15.22
215,2024-08-05,chargeback,resolved,supplier,7,215,3,temperature_excursion,2024-08-11,1898.02,819.0,16.68
216,2025-06-16,damage,denied,carrier,13,216,7,concealed_damage,2025-06-23,1158.91,0.0,5.24
217,2024-11-01,damage,open,carrier,7,217,7,spec_fail,,1240.06,0.0,15.99
218,2024-09-05,warranty,resolved,carrier,9,218,13,temperature_excursion,2024-09-08,618.53,253.16,21.59
219,2025-02-23,warranty,open,customer,10,219,11,late_delivery,,392.83,0.0,18.07
220,2025-11-29,damage,approved,carrier,5,220,6,late_delivery,2025-12-26,2403.71,713.66,27.76
221,2026-03-16,damage,approved,customer,9,221,2,concealed_damage,2026-04-22,1101.34,101.65,19.36
222,2025-12-26,chargeback,open,carrier,1,222,9,spec_fail,,3358.16,0.0,18.82
223,2026-03-06,shortage,resolved,customer,10,223,14,spec_fail,2026-03-16,3588.94,1795.9,9.01
224,2025-04-07,warranty,open,supplier,2,224,9,short_ship,,203.82,0.0,2.28
225,2024-11-05,deduction,denied,carrier,5,225,9,temperature_excursion,2024-11-18,3549.34,0.0,23.67
226,2024-12-11,damage,approved,supplier,8,226,8,temperature_excursion,2024-12-15,2545.88,2182.08,14.74
227,2025-09-18,chargeback,denied,supplier,3,227,11,temperature_excursion,2025-09-26,2306.24,0.0,10.64
228,2026-06-11,damage,approved,customer,2,228,14,concealed_damage,2026-07-07,3306.76,880.59,7.94
229,2025-07-05,damage,approved,supplier,4,229,11,late_delivery,2025-07-25,3682.2,1606.91,3.12
230,2026-06-23,shortage,approved,carrier,13,230,11,temperature_excursion,2026-06-24,541.98,175.38,29.75
231,2026-03-25,warranty,denied,customer,14,231,7,short_ship,2026-03-30,182.12,0.0,18.23
232,2025-01-09,deduction,open,customer,11,232,9,temperature_excursion,,3709.99,0.0,12.87
233,2025-09-18,shortage,denied,carrier,7,233,3,spec_fail,2025-09-27,2229.26,0.0,8.22
234,2025-06-05,shortage,resolved,supplier,7,234,14,short_ship,2025-07-09,1957.94,129.22,12.63
235,2026-03-06,shortage,approved,customer,13,235,8,short_ship,2026-03-09,2592.75,2139.53,13.27
236,2026-02-26,chargeback,open,supplier,12,236,7,late_delivery,,2109.37,0.0,20.65
237,2025-10-27,shortage,denied,carrier,11,237,7,temperature_excursion,2025-11-14,2560.89,0.0,5.72
238,2025-07-05,chargeback,resolved,customer,13,238,12,short_ship,2025-08-07,960.15,917.62,23.38
239,2025-11-26,damage,resolved,customer,1,239,12,late_delivery,2025-11-27,2826.47,1492.94,13.29
240,2025-04-04,chargeback,denied,carrier,10,240,10,short_ship,2025-05-18,1882.19,0.0,27.34
241,2024-10-17,warranty,open,carrier,11,241,7,temperature_excursion,,3594.83,0.0,2.93
242,2026-04-06,shortage,denied,carrier,7,242,2,temperature_excursion,2026-05-16,2324.46,0.0,27.18
243,2024-10-16,shortage,denied,carrier,12,243,12,spec_fail,2024-11-21,2197.76,0.0,26.85
244,2025-11-17,chargeback,denied,supplier,2,244,5,short_ship,2026-01-01,3312.16,0.0,26.17
245,2026-04-14,shortage,resolved,carrier,10,245,6,concealed_damage,2026-04-27,2021.56,1416.91,10.12
246,2026-01-01,warranty,open,carrier,8,246,12,short_ship,,897.67,0.0,21.42
247,2025-09-15,warranty,approved,supplier,10,247,13,spec_fail,2025-09-16,216.44,200.29,18.65
248,2025-11-27,insurance,approved,customer,13,248,13,temperature_excursion,2026-01-10,425.17,348.34,18.93
249,2024-10-17,damage,open,supplier,1,249,2,temperature_excursion,,535.5,0.0,24.58
250,2024-09-24,shortage,open,carrier,5,250,6,temperature_excursion,,1730.16,0.0,28.51
251,2025-01-30,chargeback,open,carrier,1,251,9,temperature_excursion,,1040.47,0.0,17.79
252,2026-06-16,insurance,approved,customer,3,252,7,temperature_excursion,2026-07-14,318.76,217.88,14.76
253,2026-05-16,warranty,denied,customer,4,253,6,temperature_excursion,2026-06-27,375.57,0.0,3.39
254,2025-07-31,deduction,open,carrier,10,254,7,late_delivery,,187.2,0.0,27.1
255,2024-12-15,warranty,approved,carrier,9,255,1,temperature_excursion,2024-12-26,1745.95,1694.27,23.01
256,2025-11-21,chargeback,denied,supplier,4,256,7,late_delivery,2025-12-17,2587.82,0.0,10.17
257,2025-01-07,shortage,denied,customer,3,257,7,late_delivery,2025-02-17,1321.01,0.0,4.12
258,2025-03-31,insurance,resolved,supplier,3,258,2,concealed_damage,2025-04-16,496.82,24.89,28.35
259,2026-06-01,deduction,approved,carrier,3,259,6,short_ship,2026-06-19,384.4,69.31,28.32
260,2024-09-23,insurance,denied,carrier,9,260,13,concealed_damage,2024-09-30,438.32,0.0,2.81
261,2024-10-31,deduction,open,customer,13,261,12,spec_fail,,273.92,0.0,27.46
262,2024-10-31,warranty,open,supplier,10,262,12,spec_fail,,3491.08,0.0,3.1
263,2025-06-10,shortage,denied,supplier,8,263,14,temperature_excursion,2025-06-17,1295.68,0.0,18.65
264,2025-05-07,insurance,denied,carrier,2,264,11,late_delivery,2025-06-03,550.53,0.0,9.98
265,2024-08-24,warranty,open,customer,14,265,8,short_ship,,1943.13,0.0,10.09
266,2025-06-03,warranty,approved,carrier,8,266,14,concealed_damage,2025-07-17,2210.64,2013.23,25.59
267,2025-06-18,shortage,resolved,supplier,7,267,11,spec_fail,2025-07-31,2114.43,1919.69,21.37
268,2026-07-30,deduction,denied,customer,5,268,13,spec_fail,2026-08-24,87.71,0.0,9.67
269,2025-11-20,chargeback,approved,supplier,7,269,9,temperature_excursion,2025-12-20,118.17,59.91,12.54
270,2026-07-12,shortage,approved,supplier,5,270,8,short_ship,2026-08-15,3539.22,2352.52,21.86
271,2026-01-26,warranty,denied,supplier,5,271,13,spec_fail,2026-02-27,3569.04,0.0,28.92
272,2025-12-31,chargeback,approved,customer,14,272,14,concealed_damage,2026-02-09,818.2,136.48,22.91
273,2026-03-04,insurance,denied,supplier,4,273,5,late_delivery,2026-03-06,3024.57,0.0,19.09
274,2024-09-29,insurance,approved,customer,9,274,9,concealed_damage,2024-10-08,2563.25,2156.21,8.94
275,2024-08-20,warranty,resolved,supplier,5,275,9,temperature_excursion,2024-09-30,697.64,18.0,23.85
276,2026-05-19,warranty,approved,customer,5,276,6,temperature_excursion,2026-06-09,3129.57,2628.84,21.3
277,2024-10-11,insurance,resolved,carrier,4,277,10,short_ship,2024-11-02,1498.75,25.33,26.35
278,2025-10-30,damage,resolved,customer,10,278,6,spec_fail,2025-12-08,1362.24,662.05,14.24
279,2025-05-13,warranty,denied,supplier,2,279,1,spec_fail,2025-05-31,3666.07,0.0,17.29
280,2026-03-10,chargeback,denied,customer,2,280,5,short_ship,2026-04-01,3779.97,0.0,27.42
281,2026-06-30,warranty,resolved,supplier,8,281,8,late_delivery,2026-07-06,418.6,310.85,15.81
282,2025-11-12,chargeback,open,customer,7,282,1,temperature_excursion,,2947.82,0.0,10.51
283,2025-04-23,damage,resolved,customer,5,283,3,concealed_damage,2025-05-30,286.63,216.46,25.75
284,2026-06-19,chargeback,resolved,carrier,14,284,9,late_delivery,2026-07-28,317.4,71.54,24.2
285,2025-12-15,warranty,resolved,supplier,12,285,7,spec_fail,2025-12-21,109.88,69.5,25.42
286,2025-09-27,warranty,open,customer,5,286,9,late_delivery,,392.94,0.0,6.16
287,2026-07-21,warranty,approved,supplier,13,287,14,spec_fail,2026-08-18,518.04,97.44,24.06
288,2025-08-27,damage,approved,carrier,4,288,7,spec_fail,2025-09-05,2721.86,300.22,14.06
289,2025-07-18,damage,approved,carrier,3,289,9,spec_fail,2025-09-01,2814.5,2296.07,11.16
290,2025-01-16,shortage,denied,carrier,12,290,9,late_delivery,2025-02-04,321.04,0.0,16.4
291,2025-11-09,insurance,open,supplier,7,291,6,temperature_excursion,,3196.72,0.0,29.7
292,2025-02-13,shortage,approved,carrier,13,292,4,late_delivery,2025-03-28,2778.56,2265.63,5.89
293,2025-05-23,damage,denied,carrier,10,293,11,spec_fail,2025-06-03,2334.7,0.0,18.92
294,2024-09-04,damage,denied,customer,2,294,2,spec_fail,2024-09-08,1709.34,0.0,12.12
295,2024-09-26,warranty,approved,customer,6,295,2,late_delivery,2024-10-07,3272.92,1267.6,4.82
296,2026-01-29,deduction,approved,carrier,5,296,6,concealed_damage,2026-03-07,1601.17,1580.52,21.6
297,2024-08-19,chargeback,open,customer,7,297,2,temperature_excursion,,2003.29,0.0,25.24
298,2025-11-19,deduction,open,customer,5,298,8,short_ship,,528.77,0.0,23.8
299,2024-08-22,insurance,resolved,customer,4,299,6,spec_fail,2024-09-06,554.81,454.61,5.7
300,2024-11-19,deduction,resolved,supplier,6,300,12,concealed_damage,2024-11-21,3861.29,408.91,25.45
301,2025-10-03,shortage,approved,customer,9,301,7,spec_fail,2025-10-12,2625.38,600.43,10.51
302,2024-12-05,chargeback,open,supplier,6,302,7,short_ship,,136.74,0.0,23.58
303,2026-03-21,warranty,approved,carrier,13,303,7,short_ship,2026-04-03,3013.96,729.98,5.29
304,2024-11-21,warranty,resolved,supplier,13,304,6,short_ship,2025-01-04,45.27,30.99,14.55
305,2025-06-20,damage,denied,supplier,9,305,1,temperature_excursion,2025-06-30,2360.34,0.0,14.67
306,2024-10-09,warranty,resolved,customer,6,306,1,short_ship,2024-11-03,3337.94,2236.42,26.72
307,2025-05-30,warranty,open,carrier,6,307,1,temperature_excursion,,863.63,0.0,4.51
308,2024-11-06,damage,approved,supplier,14,308,13,short_ship,2024-11-22,3877.92,3133.36,25.8
309,2025-12-19,damage,approved,supplier,9,309,3,temperature_excursion,2025-12-20,3413.19,3395.1,20.36
310,2025-11-25,insurance,resolved,customer,5,310,9,late_delivery,2025-12-23,1390.71,478.96,8.78
311,2025-06-01,damage,open,supplier,10,311,8,concealed_damage,,33.35,0.0,29.26
312,2025-07-12,chargeback,open,supplier,13,312,1,late_delivery,,3729.63,0.0,7.11
313,2025-08-16,insurance,denied,carrier,3,313,9,late_delivery,2025-08-26,1667.23,0.0,20.66
314,2025-06-16,shortage,approved,carrier,5,314,12,temperature_excursion,2025-06-17,3757.67,778.21,6.7
315,2024-12-05,damage,open,customer,4,315,9,late_delivery,,409.02,0.0,4.87
316,2024-10-06,damage,denied,carrier,12,316,9,temperature_excursion,2024-10-07,3187.92,0.0,27.81
317,2024-09-17,insurance,approved,customer,14,317,13,temperature_excursion,2024-09-30,2683.9,1772.72,26.57
318,2025-06-17,chargeback,approved,customer,13,318,9,short_ship,2025-07-21,2991.57,2093.2,20.87
319,2026-02-06,warranty,resolved,customer,3,319,6,spec_fail,2026-02-16,435.12,226.26,16.77
320,2024-11-26,warranty,open,carrier,7,320,1,spec_fail,,1818.19,0.0,1.9
321,2026-03-16,deduction,denied,customer,13,321,12,concealed_damage,2026-04-28,2283.25,0.0,6.44
322,2024-11-14,chargeback,approved,carrier,8,322,11,concealed_damage,2024-12-25,1986.78,1763.07,16.22
323,2024-09-15,damage,approved,carrier,13,323,9,late_delivery,2024-10-09,2279.42,565.07,5.88
324,2024-10-06,warranty,open,supplier,3,324,8,concealed_damage,,566.46,0.0,18.39
325,2024-10-09,warranty,approved,carrier,10,325,9,short_ship,2024-11-12,196.11,41.57,29.31
326,2025-06-09,chargeback,open,carrier,6,326,2,temperature_excursion,,637.67,0.0,19.67
327,2026-02-05,deduction,denied,supplier,8,327,5,spec_fail,2026-02-23,2153.2,0.0,6.1
328,2025-05-06,insurance,denied,carrier,7,328,4,temperature_excursion,2025-06-20,1792.6,0.0,14.52
329,2025-04-06,deduction,resolved,supplier,5,329,14,concealed_damage,2025-05-15,2516.94,441.22,21.25
330,2024-08-28,insurance,resolved,customer,12,330,9,short_ship,2024-09-26,2991.54,2285.54,24.04
331,2026-06-03,warranty,open,customer,12,331,11,late_delivery,,3070.11,0.0,4.51
332,2025-01-27,deduction,open,carrier,4,332,12,spec_fail,,2269.01,0.0,9.54
333,2025-11-19,warranty,resolved,supplier,2,333,3,late_delivery,2025-11-22,1896.49,133.51,29.73
334,2025-05-13,deduction,open,customer,3,334,4,concealed_damage,,1061.44,0.0,8.19
335,2025-05-14,deduction,resolved,customer,3,335,9,spec_fail,2025-05-17,1490.46,1192.21,5.61
336,2024-10-16,deduction,denied,supplier,1,336,7,spec_fail,2024-11-30,3378.6,0.0,13.74
337,2026-06-15,deduction,denied,carrier,6,337,8,spec_fail,2026-07-18,1082.53,0.0,15.74
338,2025-06-23,damage,resolved,carrier,1,338,6,short_ship,2025-07-24,1079.16,738.04,11.13
339,2024-09-06,insurance,open,customer,3,339,5,spec_fail,,1910.67,0.0,17.75
340,2025-08-21,deduction,approved,customer,4,340,4,concealed_damage,2025-10-02,1342.81,1246.66,29.03
341,2026-03-06,deduction,resolved,customer,2,341,13,short_ship,2026-03-25,1171.4,136.23,23.8
342,2025-09-26,shortage,approved,carrier,11,342,5,late_delivery,2025-11-09,1269.55,927.66,20.44
343,2025-01-07,warranty,denied,supplier,13,343,2,concealed_damage,2025-01-21,1244.77,0.0,8.93
344,2026-06-06,deduction,resolved,supplier,3,344,2,short_ship,2026-07-06,1714.93,552.89,4.65
345,2026-02-20,warranty,denied,customer,6,345,13,late_delivery,2026-03-03,915.14,0.0,16.8
346,2025-02-23,insurance,resolved,carrier,7,346,2,late_delivery,2025-03-03,2336.01,2288.12,19.96
347,2025-08-08,insurance,resolved,supplier,6,347,9,concealed_damage,2025-09-15,2970.62,1069.72,25.9
348,2024-08-27,damage,approved,carrier,10,348,10,concealed_damage,2024-09-04,3068.62,1123.73,17.25
349,2025-12-29,damage,open,customer,6,349,1,spec_fail,,2311.73,0.0,27.78
350,2025-10-18,damage,denied,customer,8,350,3,spec_fail,2025-11-22,1495.66,0.0,24.0
351,2026-01-08,warranty,denied,carrier,8,351,6,short_ship,2026-02-14,1777.04,0.0,26.42
352,2025-07-01,shortage,resolved,customer,9,352,4,temperature_excursion,2025-07-09,3008.38,1963.87,16.88
353,2025-04-03,damage,resolved,carrier,1,353,6,short_ship,2025-05-11,1897.4,977.54,15.76
354,2025-04-16,shortage,resolved,customer,5,354,12,spec_fail,2025-04-18,3700.6,983.99,19.7
355,2026-01-26,damage,resolved,supplier,3,355,11,short_ship,2026-02-12,2279.46,257.58,4.73
356,2024-12-09,shortage,approved,customer,2,356,8,late_delivery,2024-12-14,1317.7,630.78,6.66
357,2024-08-14,shortage,approved,carrier,2,357,3,late_delivery,2024-08-24,1045.81,201.42,17.75
358,2024-11-13,damage,resolved,carrier,7,358,13,concealed_damage,2024-12-14,798.36,143.31,18.16
359,2025-09-26,chargeback,approved,carrier,9,359,8,temperature_excursion,2025-10-27,634.69,8.51,13.07
360,2024-12-18,damage,approved,supplier,5,360,12,temperature_excursion,2025-02-01,1234.36,936.88,29.56
361,2024-11-28,chargeback,open,supplier,4,361,4,temperature_excursion,,3181.03,0.0,9.09
362,2025-12-05,insurance,approved,carrier,12,362,5,concealed_damage,2025-12-20,76.27,31.27,26.75
363,2025-06-15,shortage,open,supplier,14,363,4,temperature_excursion,,3027.03,0.0,23.74
364,2025-09-03,warranty,resolved,carrier,8,364,5,spec_fail,2025-09-04,3780.42,2293.96,13.11
365,2026-07-16,warranty,denied,customer,10,365,8,short_ship,2026-08-07,3101.24,0.0,10.87
366,2026-03-06,chargeback,resolved,customer,12,366,5,temperature_excursion,2026-03-07,1029.23,602.2,5.88
367,2025-07-26,damage,open,carrier,6,367,3,spec_fail,,1281.33,0.0,22.63
368,2026-01-21,warranty,resolved,carrier,1,368,7,spec_fail,2026-02-02,723.39,331.6,21.59
369,2025-12-10,chargeback,approved,carrier,3,369,9,spec_fail,2025-12-21,3802.62,1203.15,23.83
370,2025-11-23,shortage,approved,supplier,6,370,4,spec_fail,2025-12-24,1052.6,825.76,25.78
371,2025-07-02,damage,resolved,supplier,4,371,3,temperature_excursion,2025-07-14,3508.07,3189.18,13.17
372,2025-04-01,deduction,approved,supplier,10,372,6,temperature_excursion,2025-04-07,2674.09,2029.9,19.65
373,2025-03-12,deduction,resolved,carrier,10,373,4,late_delivery,2025-03-24,2135.85,926.96,21.0
374,2025-05-09,damage,open,customer,13,374,10,temperature_excursion,,3132.49,0.0,20.43
375,2026-04-01,warranty,open,supplier,1,375,5,short_ship,,2777.14,0.0,4.86
376,2026-03-20,shortage,resolved,supplier,2,376,5,late_delivery,2026-04-07,824.37,595.53,6.71
377,2025-01-12,deduction,denied,carrier,7,377,1,late_delivery,2025-01-24,3544.94,0.0,3.76
378,2025-09-23,warranty,resolved,customer,11,378,6,late_delivery,2025-10-22,2411.59,1885.86,9.98
379,2026-03-04,deduction,approved,carrier,12,379,10,late_delivery,2026-03-18,2211.2,918.09,26.96
380,2024-10-11,chargeback,open,supplier,3,380,12,concealed_damage,,229.78,0.0,11.12
381,2025-07-28,shortage,open,supplier,7,381,4,short_ship,,279.31,0.0,11.9
382,2026-04-08,shortage,resolved,customer,12,382,9,late_delivery,2026-04-13,1161.37,1025.96,11.31
383,2025-01-29,chargeback,resolved,carrier,4,383,6,short_ship,2025-02-11,2360.0,2351.03,21.83
384,2025-06-14,deduction,resolved,customer,14,384,12,late_delivery,2025-07-23,1523.8,704.61,27.04
385,2026-07-18,deduction,resolved,carrier,10,385,8,spec_fail,2026-07-26,1852.1,166.13,5.03
386,2025-05-19,deduction,denied,customer,6,386,2,spec_fail,2025-06-06,1353.53,0.0,17.95
387,2025-08-21,damage,denied,customer,10,387,12,late_delivery,2025-09-24,2664.92,0.0,12.08
388,2026-04-23,insurance,approved,supplier,9,388,2,short_ship,2026-06-02,1338.02,37.6,14.93
389,2026-03-24,damage,denied,supplier,5,389,11,temperature_excursion,2026-03-31,1650.17,0.0,20.01
390,2025-05-12,damage,approved,carrier,11,390,5,late_delivery,2025-05-29,1429.02,221.78,22.5
391,2024-10-28,damage,open,carrier,10,391,7,temperature_excursion,,3502.68,0.0,19.35
392,2025-07-08,damage,denied,carrier,10,392,8,late_delivery,2025-07-25,2682.83,0.0,23.82
393,2024-11-04,chargeback,denied,carrier,3,393,9,spec_fail,2024-12-17,3073.61,0.0,7.21
394,2024-11-23,chargeback,approved,supplier,10,394,4,concealed_damage,2024-12-07,1953.76,1386.58,4.45
395,2025-09-21,deduction,open,customer,8,395,2,temperature_excursion,,3773.41,0.0,25.93
396,2025-12-02,insurance,resolved,carrier,14,396,13,spec_fail,2025-12-06,1655.68,1043.41,1.34
397,2025-11-21,shortage,resolved,supplier,1,397,2,spec_fail,2025-12-24,3179.42,1227.57,24.44
398,2025-10-08,shortage,resolved,customer,6,398,12,short_ship,2025-10-19,1347.9,452.09,11.48
399,2026-04-07,warranty,denied,customer,14,399,11,late_delivery,2026-05-18,554.47,0.0,21.61
400,2025-10-16,shortage,resolved,supplier,10,400,12,concealed_damage,2025-11-21,1695.07,511.06,17.12
401,2025-10-12,chargeback,open,customer,6,401,5,late_delivery,,1244.52,0.0,12.76
402,2024-12-22,shortage,resolved,customer,14,402,1,concealed_damage,2024-12-26,864.74,145.71,17.65
403,2024-08-13,shortage,approved,supplier,4,403,1,temperature_excursion,2024-08-23,3449.55,945.52,9.44
404,2025-01-31,warranty,denied,customer,1,404,12,late_delivery,2025-02-01,3919.73,0.0,2.33
405,2025-01-09,deduction,denied,customer,13,405,3,late_delivery,2025-01-23,1345.32,0.0,25.06
406,2025-12-18,damage,approved,customer,12,406,3,short_ship,2026-01-04,1332.9,153.68,9.2
407,2026-03-12,insurance,open,carrier,8,407,13,short_ship,,2004.91,0.0,14.68
408,2025-02-10,warranty,approved,carrier,12,408,4,concealed_damage,2025-03-17,1035.8,352.38,10.45
409,2025-11-13,warranty,denied,customer,1,409,10,spec_fail,2025-12-22,3080.39,0.0,1.23
410,2025-06-03,insurance,approved,customer,3,410,12,spec_fail,2025-06-07,2028.95,922.16,2.14
411,2026-04-08,deduction,open,customer,3,411,7,spec_fail,,2833.83,0.0,9.11
412,2026-01-08,shortage,approved,carrier,14,412,13,spec_fail,2026-01-21,1176.28,85.63,27.77
413,2025-10-31,insurance,denied,supplier,9,413,12,spec_fail,2025-11-13,1555.1,0.0,24.86
414,2025-01-24,insurance,open,customer,8,414,3,concealed_damage,,718.52,0.0,15.34
415,2025-04-09,warranty,resolved,customer,12,415,2,temperature_excursion,2025-04-20,1571.64,690.73,6.51
416,2025-09-18,damage,denied,customer,7,416,4,late_delivery,2025-09-24,1267.14,0.0,27.15
417,2026-07-17,insurance,resolved,carrier,6,417,11,spec_fail,2026-08-21,3163.35,1491.52,12.93
418,2025-11-05,insurance,denied,supplier,1,418,12,temperature_excursion,2025-11-14,1037.69,0.0,7.02
419,2024-08-01,warranty,open,customer,8,419,10,temperature_excursion,,3635.69,0.0,12.02
420,2025-11-13,shortage,resolved,carrier,9,420,4,late_delivery,2025-11-20,2248.13,1967.79,21.12
